0,1
BBAyRBTfsOU,2019-04-06
sCbbMZ-q4-I,2021-02-17
JFcgOboQZ08,2018-07-09
vu5-aKf_QqA,2018-12-11
hjWf8A0YNSE,2017-07-04
f6vY6tYvKGA,2016-05-06
dZ0fwJojhrs,2017-12-14
yIIGQB6EMAM,2018-02-08
NNqLB7znMLU,2018-11-24
_KhQT-LGb-4,2018-12-06
6Dh-RL__uN4,2018-10-05
PHgc8Q6qTjc,2019-03-31
MsplPPW7tFo,2016-02-10
gRyPjRrjS34,2013-06-04
7Vj5M0qKh8g,2016-12-18
By_Cn5ixYLg,2018-12-27
MkXVM6ad9nI,2014-04-06
lxw3C5HJ2XU,2013-09-14
DYlesHOaPkY,2019-09-10
VGt-BZ-SxGI,2019-06-21
0e3GPea1Tyg,2021-11-24
zxYjTTXc-J8,2021-08-31
r7zJ8srwwjk,2020-05-30
9bqk6ZUsKyA,2021-03-27
GLoeAJUcz38,2020-11-14
yXWw0_UfSFg,2020-03-07
fMfipiV_17o,2021-04-10
QxGVgXf_LNk,2019-10-05
F4Y3Pkn95GI,2020-02-29
NkE0AMGzpJY,2020-08-15
FYCCs4cpKqw,2013-10-20
vTTs2p_SVnw,2017-11-27
kU553MOaBdM,2012-04-10
NlQTV2pi0Bg,2015-12-15
ChiLWi-mBvU,2020-11-22
TOz81KKm1us,2012-11-28
_TT7PlX5PCQ,2013-12-20
kt8FyEv_WNk,2019-09-19
uBoKILQyT70,2019-06-04
gD7qJ3TW1jw,2018-11-06
N2-HsIYd0Go,2016-07-27
k4yXQkG2s1E,2016-07-27
_iktURk0X-A,2017-07-06
Mi3GdCyzHCY,2017-11-02
95I5VaR7GeU,2016-12-21
hV-FwW1LgxU,2016-09-14
j6muwUGdvXw,2019-03-21
WibcvWT7KQQ,2015-10-28
USccSZnS8MQ,2021-02-12
zuaLWHiRXkg,2019-04-30
j6zWwAoEi_w,2018-03-28
DbXMjAYSa68,2021-05-30
Fl54gG0B8I0,2017-10-27
qvu4nPMyl3U,2020-10-02
eRkpkveBWyo,2019-06-06
CzvfbRbEjww,2019-04-21
EFHeeRIDAsg,2020-09-29
e81ad5MpfQ0,2020-10-22
CN4fffh7gmk,2020-09-02
jEdfjuG0Fx4,2022-11-21
_P7S2lKif-A,2017-03-08
8_oE-iQeFeE,2018-03-31
-PH4S7IPQxU,2017-03-21
EWcOY14GWwM,2016-05-03
4N2iMmHcHys,2018-02-21
1fdv0OIhzzA,2016-05-24
Jy93WgiXtzo,2017-08-22
Btyfrd-UtSw,2018-09-12
lYxcW8jtFw0,2016-12-21
D5CpJFbb3TM,2016-02-03
N4rAGlcGUiQ,2017-07-31
-lDmXk8pBNI,2016-06-10
wSs2n5abdmg,2017-08-10
Fh4mp3X1Djo,2014-04-19
BIX8Dfa05lQ,2016-05-27
VOZEBZKd2Pc,2015-07-22
geaqCxhfP5A,2017-08-01
chXKA41cec4,2016-07-04
VJwoSfTOhyM,2017-11-21
VRJmcxCrAOA,2018-01-22
UeG1ftTmLAg,2017-04-03
8IQbF0IK-f4,2017-08-28
A2FsgKoGD04,2017-05-25
UtsfUAHkyWQ,2015-02-17
ym9E1YG3_QQ,2015-12-07
ggR_SPwP6cw,2017-07-03
TvNTcB6c-V8,2017-07-17
3J6o7hcm8bE,2017-06-20
HmwZxnQbox8,2016-12-01
Z2xooz6844k,2017-03-24
k1MdKI8kiXU,2016-02-12
OjDuQ7O9XUo,2018-10-05
zV0rK6KXfwU,2011-09-28
K1R4hHq8yr4,2016-05-27
43OVm86-4rU,2018-10-05
IJnig4nc0xg,2018-11-20
LxXjsQbCZR8,2015-07-29
ALZHF5UqnU4,2016-07-02
CY8E6N5Nzec,2018-02-09
m7Bc3pLyij0,2018-09-24
jzD_yyEcp0M,2018-02-16
RE87rQkXdNw,2018-08-17
A57B7B6w3kw,2018-09-19
tk36ovCMsU8,2017-08-11
2vMH8lITTCE,2017-01-09
JePnQ1gSagc,2018-11-14
KSNLEH9pYaE,2016-12-17
uelHwf8o7_U,2010-08-05
j5-yKhDd64s,2010-06-05
YVkUvmDQ3HY,2009-06-17
XbGs_qK2PQA,2013-11-27
1wYNFfgrXTI,2009-06-17
EHkozMIXZ8w,2013-12-17
eJO5HU_7_1w,2010-09-15
8CdcCD5V-d8,2018-10-05
S9bCLPwzSC0,2009-12-25
gOMhN-hfMtY,2009-12-25
X7kzLOIsdmI,2013-09-24
JJsqVMRSW-8,2020-03-07
oXocwMfQgsg,2014-08-11
Iv0-JHfsCBA,2014-09-20
suQoo6kOXko,2015-05-22
ewxFYVMRwGs,2019-12-14
fEac-rQy_T0,2014-08-22
aQiDh9wa304,2015-06-04
GTELGG9APKY,2015-06-13
T7BXGrdz63s,2022-07-22
6qBdQzPnw4E,2009-12-09
qfdShSZZxlg,2018-07-17
YZLKoG_vhDY,2018-08-03
qpIdoaaPa6U,2013-07-29
rTuxUAuJRyY,2012-11-12
ci-NpErqrGM,2019-01-15
-UgrS_B53Yc,2010-04-29
EwAxJbaUZtc,2010-04-29
B2aHXbnu9dI,2010-02-22
KxCjVIFxZNo,2013-12-26
AETFvQonfV8,2011-05-10
ksPEwPcFGbU,2016-09-13
S6HFRZmZrTI,2015-06-03
HH_a6aRO1TE,2018-03-31
adyjwFgXRNY,2012-05-14
LUx8wlA_dk8,2018-03-27
UT_MLtd9PmY,2017-05-05
HH1PXnKg2LU,2018-06-24
nwRoHC83wx0,2012-10-18
PlgIlN5gmQw,2014-04-14
SD4Z8dlZPd8,2020-03-26
gvyUuxdRdR4,2021-07-30
AZmAgoir1Tc,2020-07-07
8qs2dZO6wcc,2017-11-30
bqGtrvcR5ls,2017-01-06
i0_m90T04uw,2018-08-31
Ci0WbaUH3no,2018-12-10
AEIVhBS6baE,2015-11-18
OulN7vTDq1I,2015-07-17
xmU0s2QtaEY,2017-11-21
qoq8B8ThgEM,2012-01-19
SAcpESN_Fk4,2017-12-02
Wd2B8OAotU8,2016-10-18
qk2WMmiiVFE,2019-08-19
C8kSrkz8Hz8,2014-01-13
q4R2xRnN89A,2015-06-22
zWEOx7TSM6I,2012-01-23
oGneAab3e88,2019-11-04
qFkNATtc3mc,2019-09-05
F81wlI9iEpw,2018-01-11
AKxeCKSEWDk,2017-10-23
JF3ds27ToVc,2016-07-25
LA8yA5t-Wjk,2016-01-04
X-fHoTRB2j8,2019-08-01
MAK1WPo-rdM,2018-09-19
OVIc7_5UgXQ,2014-05-26
jnzG3zi5HfU,2016-03-05
Op1lOP2gYho,2014-02-05
eVzUEGehuxA,2018-06-17
kkFFq11j6dQ,2017-10-24
KGvQRaK1mvs,2019-05-24
tpLLst4-3fw,2017-10-03
YAxLueEKqmU,2018-01-07
ZqhwLRrszUU,2017-10-25
EOjWDMoxf1U,2017-10-07
OKGX7gQnxpc,2018-01-12
iVbopWyBR5Y,2018-02-14
FXDWtYsu1dQ,2017-09-10
NZgf1VsbsO4,2017-10-25
IRirqw082XI,2017-12-21
eYfFDaPdkWc,2016-12-22
tWs1E2BfNZE,2015-12-06
3Zy6ai9jtgY,2017-10-23
7l8VjJKOsiU,2017-08-03
UmmXiN93btM,2017-04-09
WhGnY2hTVF0,2016-06-10
n1ezUGvosIU,2017-06-27
yPVO8Jys_hU,2017-03-24
HYEcQHXGa-c,2018-10-15
IBvg3WeqP1U,2014-04-03
kZqH9Kfv6BI,2013-09-26
WlWlGlvN4L4,2014-05-16
cYOB941gyXI,2017-08-24
6FURuLYrR_Q,2017-03-03
8XtXLVylOoU,2014-05-16
orYf6VDtj_k,2021-08-31
kd5KqlmcHNo,2017-03-03
aDFEb_W2t1Y,2018-11-14
MQM7CNoAsBI,2013-09-26
OSUxrSe5GbI,2018-10-11
TmKh7lAwnBI,2020-10-30
kLpH1nSLJSs,2018-02-15
acEOASYioGY,2019-05-31
ws00k_lIQ9U,2016-12-31
doLMt10ytHY,2021-06-04
Cr8K88UcO0s,2022-06-01
saGYMhApaH8,2022-06-20
LxOTsiV4tkQ,2019-10-14
GtSRKwDCaZM,2020-03-27
60ItHLz5WEA,2015-12-04
1-xGerv5FOk,2016-12-02
wJnBTPUQS5A,2017-09-15
2i2khp_npdE,2016-06-03
M-P4QBt-FWw,2018-07-27
dhYOPzcsbGM,2019-03-21
mIxlvVlOIS0,2017-12-05
HhjHYkPQ8F0,2019-12-27
sJXZ9Dok7u8,2018-09-28
6RLLOEzdxsM,2017-10-27
jOYR3k1VhUQ,2014-10-14
5X7WWVTrBvM,2018-02-26
pXPHSaj8qSw,2017-09-21
9xVp8m0fJSg,2017-07-18
15Sjjl_24x0,2016-12-20
YrUqw7uspKg,2017-03-17
U65TWIP3mpQ,2017-11-07
9ND-Kmd60t8,2017-12-09
srl0cnKzGIw,2017-04-06
UKrUivSEtOs,2017-09-15
PvJIwSPte4E,2018-09-02
CR7QizUf6Jo,2018-12-07
b9jo4mk0VQU,2017-06-06
IxfvjGJlrC4,2017-05-06
1ppPuobqt-g,2018-11-15
WMCKKUvwBCQ,2018-06-08
TIfjs9qWlBM,2021-03-15
5zqUaD1dM34,2018-01-19
12-3ZAsO_xA,2021-04-06
5LqeD-m7Iho,2020-11-13
C54hxRkArHw,2017-10-10
u5jOd1YCuiQ,2020-12-08
BeRKkz7CgPo,2018-06-24
slZUxsIOaME,2020-12-20
XtWUQeJgnTk,2020-08-29
6Df91hJ-6y4,2018-06-09
vxXTSxjSwnM,2017-01-24
_TyBQtr-DVw,2021-03-30
mCjo-4B2Nuo,2021-05-17
p2sKCQXCrcU,2019-07-12
VptIzisla6Q,2020-01-27
M51QTKXXDqs,2020-10-01
w98kDKCHmg8,2020-09-15
jIbkLBAroFY,2020-12-10
RF0KDsMWF0I,2019-06-22
N7c9gwYykUE,2020-02-16
oshhYm7TgI8,2020-01-13
NF3ueKSQu6I,2019-01-25
FnyE-LEC_to,2020-05-13
1do8PVX-gek,2020-03-28
rcnEloBsqMo,2018-10-31
TaQj43Lf3tw,2020-09-19
SqbUUoRbH6U,2020-09-19
-1rQp8jxTbQ,2017-12-25
ILoaJUYC3ZM,2020-07-03
n8JF_VfbSFA,2019-06-08
2iKIeaiSr_c,2019-10-31
N_72e1nVUGI,2020-06-22
JVhUOaqrAJQ,2021-05-07
MUSdiImX2M0,2021-10-15
oM9fUlGET-w,2015-01-24
IAzaBQ1TNPw,2015-04-29
JJKfTZg5IUo,2012-09-21
9ocAWu_yNb4,2013-07-23
lZv2N3Mj4yg,2014-03-28
IIgBKuEXGfk,2015-12-15
DSBk1aPZwiY,2017-12-10
EYGDnIwro9Y,2018-09-06
8JRtswFSC1U,2014-05-01
gxrBOdeO9bE,2017-05-27
ndsaoMFz9J4,2015-10-15
MujRLvZ61jE,2016-03-23
I4Q3YDezqcM,2018-03-07
iOztnsBPrAA,2014-08-12
Zz8MCVJb0_k,2014-09-29
60wLvPWXCCc,2014-11-11
JlwCE7UHi88,2015-08-21
N9K2p54k9GA,2015-11-16
GlZtlTon7_I,2016-10-07
YT1NhLTwwEg,2014-08-14
t-NDqHTu8Ao,2015-12-30
oSGoQJMoTRs,2018-12-03
BQyxsrZ9GBc,2016-08-03
hPtGuOX-WDs,2017-05-19
aiGkROO3Wv8,2016-11-20
nEcubCeD36I,2014-09-02
b_E0AT03TYQ,2014-11-18
IlVQz85ktdQ,2017-10-05
JDGBDXOiEhQ,2016-06-28
vS-B4CXPuPg,2019-08-19
RKioDWlajvo,2019-08-13
PjTU0DmBWiU,2018-06-13
VO7Vu207-e8,2018-12-26
5RZws-BEl4s,2017-01-26
AjLnRjx7rgM,2018-08-26
yFFL1we4j_Y,2018-02-26
yW10irX4BDI,2019-03-26
gY0et3otYbc,2020-11-09
HG96KYzCnbY,2018-09-13
b1c6i0VT7ak,2020-09-13
K4DyBUG242c,2015-07-09
3nQNiWdeH2Q,2015-06-09
J2X5mJ3HDYE,2015-05-14
jK2aIUmmdP4,2013-11-13
yJg-Y5byMMw,2016-12-15
p7ZsBPK656s,2013-05-01
TW9d8vYrVFQ,2017-01-02
__CRWE-L45k,2014-11-27
zyXmsVwZqX4,2015-06-13
S19UcWdOA-I,2017-12-27
gx-9S5T_U5g,2015-06-13
0lvJYVOgbG4,2019-03-02
QtldQK3QgS4,2020-02-29
0zx_Bb9xxCk,2019-08-27
6l62nhY-B20,2019-02-01
rBYBX3UD1zg,2021-01-23
tlR98APSmXw,2021-03-19
zms7jmKsjqw,2019-05-25
Rl2AwidIKjs,2019-08-29
rg7d8izguKE,2020-03-27
YpkJO_GrCo0,2018-02-21
hzTg4zPBtDU,2016-12-17
L7lHiqc8-O8,2020-09-08
Kd57YHWqrsI,2017-05-31
E8rpY2FwKkY,2013-11-13
ioWkx6WRH2I,2012-02-06
jH0mjd8zELM,2017-06-05
ZFybffBA8Oc,2015-11-19
acSBIXBFsOo,2020-02-29
Ccj5-FhBHlo,2017-09-11
WVYSlC3dhWg,2016-01-15
Ffkf3tosmKw,2014-09-22
lgv1fie-JG0,2015-07-07
jer_oZQELno,2015-09-20
XJ7_q7Z5Qaw,2015-11-04
5RRIQvViQw0,2014-04-12
WsdqhzaH7qU,2014-08-31
3uFzApUxV5k,2013-03-04
N3wHgadR3Y8,2017-09-03
tYw-9ql4rg0,2015-12-11
WTC9VFL27zc,2019-09-18
1fhepBQkyrU,2020-10-09
7zil8ffrSyo,2018-04-12
7C2R58qTXsk,2018-04-23
8UgFbTsyD_o,2017-11-04
NMKC05AnrHc,2018-02-26
SiR2xKxBy00,2019-07-03
DUx1tJTNrno,2018-01-21
9Edyj0UZl88,2018-01-25
J9IFKrYkdJ4,2018-05-15
pSudEWBAYRE,2018-12-13
KSH-FVVtTf0,2016-06-08
J_CFBjAyPWE,2018-01-29
uR8Mrt1IpXg,2019-12-23
IdssuxDdqKk,2017-07-18
yWfsla_Uh80,2015-03-31
U7mPqycQ0tQ,2009-06-08
I3dezFzsNss,2013-07-31
6pA_Tou-DPI,2011-10-18
tyrVtwE8Gv0,2020-10-12
snWivFL9zMg,2012-10-13
DEdPFepZPb4,2016-12-03
nNhv8A_rJTg,2016-11-19
sWqjZpBtcxc,2016-07-07
BZfo4Wve1f8,2017-04-07
RX3Xenjc-GE,2019-04-13
cBGDDBHN22U,2013-08-12
zNDIZ7ujgFE,2016-11-23
rSISZY_4ibk,2017-05-24
w2JPMsqI1jk,2012-08-07
hlxRiZ7UVdU,2017-10-29
ZpU_3Jo9-ZA,2017-04-23
srNlQ9adYOg,2017-06-01
wE6JZ2QluBA,2018-01-25
4gxQmtRoXfU,2018-02-19
5tLZkjVL6vA,2019-01-17
e9lHJ2KYoEw,2019-01-29
bjYA_xzJrn4,2019-06-25
amljvBxQKzE,2019-03-14
9khMBRL8S0w,2017-06-11
s8XIgR5OGJc,2016-03-08
knfrxj0T5NY,2014-05-13
T7K0pZ9tGi4,2016-12-21
pVLmZMjxfjw,2014-09-25
ntLop32pYd0,2014-11-06
0t2tjNqGyJI,2016-02-22
mKzLoZFz8PE,2016-04-10
DArzZ3RvejU,2015-07-16
5hEh9LiSzow,2014-12-18
vZv9-TWdBJM,2014-10-20
79DijItQXMM,2016-11-28
cPAbx5kgCJo,2016-12-12
93lrosBEW-Q,2016-12-20
gIOyB9ZXn8s,2019-12-04
bvWRMAU6V-c,2021-12-29
nrZxwPwmgrw,2020-03-27
zGlLe1w3DJM,2015-07-24
r9o1QS-itsU,2019-08-03
i8pK6qmtllU,2019-08-03
GibiNy4d4gc,2014-09-25
nFjVlf2r9_Q,2021-06-09
ylW9gdva7Oo,2019-03-08
PO6nynliE0Q,2021-08-13
yehE83hDQcA,2020-03-18
Jh_VKJAEnUY,2022-02-10
lVfVrqu1G0U,2021-02-23
8mYeTuzBQr4,2021-03-30
2zVujkj8pBg,2014-07-22
MKkCp0lxuRI,2017-09-08
H2BTCPW3Hw8,2017-01-25
gCYcHz2k5x0,2013-06-17
9vMh9f41pqE,2014-04-22
p-Z3YrHJ1sU,2009-08-31
0EWbonj7f18,2013-08-19
JVpTp8IHdEg,2016-10-21
dzHdo4yxidc,2014-08-25
Dr1nN__-2Po,2015-03-18
KnL2RJZTdA4,2013-11-19
OORoOGY8D2M,2016-02-19
y5U-I5wk1uo,2017-10-31
T9IIVOGg0s0,2016-10-22
ZmBYXZZcKgA,2015-07-10
OeWxxTLdRBw,2015-07-11
PMYbePN0M-M,2015-12-22
U-yv7ds8SR4,2017-02-16
OiUZiqBrHSI,2016-11-17
Y-fPhd9sVqw,2016-09-20
Haaq5Lt1KCg,2018-03-03
XmoyHqa9zIo,2018-04-15
_7vA9EwPxHU,2017-04-27
BJPc49z57bU,2016-07-22
bqNzbkIHYF8,2015-05-05
xqf7SfJUepE,2015-01-20
Uil9bh8kJgg,2015-10-13
c3wKkZULCHg,2015-03-01
AtwgGc-An6U,2018-04-19
kD8f0ixy4u4,2014-12-13
zNV2TOF2PC0,2015-10-29
zlGEsR1DQPw,2015-11-13
jBZRZ9--rUs,2015-12-14
GiVxUKbIy0w,2020-12-31
c4JD7rEtIj8,2016-05-09
B7t35oWkAQg,2020-05-24
nbU9fQFi5fY,2021-12-26
87BEjrZ2k4A,2021-02-05
tnBjbnlTWKs,2022-01-02
l8atgilfuq4,2017-04-16
QbrJr-dijHw,2017-06-13
itPCFwSnc8w,2020-12-01
MF-q-TrNQss,2019-01-19
FzG4uDgje3M,2018-04-05
jGflUbPQfW8,2015-04-08
cedoBlUvBlI,2016-03-07
rQ7tMWOCQlM,2016-04-12
Ct6BUPvE2sM,2016-11-02
i1Jp-V4jalI,2014-11-06
j3CaHeakZF4,2015-04-30
R6QXxQBO-50,2019-07-19
1W5BA0lDVLM,2018-04-20
E2tMV96xULk,2009-03-09
ghW6CFyuJOU,2016-10-01
4C90K2O1JBw,2017-04-21
zhCvJnn_W1w,2020-04-02
QRVmyantf80,2017-05-02
sZsCeovtUzg,2017-12-26
67ugHhk5gQc,2016-02-26
aNTyP7UItyU,2017-11-16
j2uWa9OQ_18,2022-02-23
rVHhtJJ3oBI,2017-03-09
RgKAFK5djSk,2015-04-07
Wa5B22KAkEk,2011-11-28
nWAGLkyxQG0,2011-01-07
UX6K7waag5Q,2014-04-14
UePtoxDhJSw,2010-10-11
UhQz-0QVmQ0,2011-03-05
hmP7TYtDVUU,2011-01-28
TWHNr0BrNgo,2012-05-24
KuVAeTHqijk,2011-08-10
D_VRSFpUcp0,2015-02-16
6PBc5hi65AQ,2015-05-15
T_vGAPvjOc8,2014-06-21
ydpW77Jke4g,2015-06-27
L1a2Y7FjLZY,2015-01-24
GG90TQUd7Ac,2015-10-03
zKk_FIfOIyY,2017-04-07
iZ6s4C1Bs4A,2014-11-15
MkoIM2y8Opc,2014-04-12
oDXdej2J_tQ,2015-10-17
cIWl7Hv_DS8,2014-04-26
2mDCVzruYzQ,2020-02-25
wFAj0pW6xX0,2019-10-26
h9Am4CYaLng,2021-02-28
YFfEFbC9_XQ,2017-09-23
u_wB6byrl5k,2022-01-07
F5X694sak5U,2017-08-22
M-954V9LORI,2022-02-17
Thf60JU8E98,2019-09-28
mrqgz4_a4PU,2020-03-02
OCg6BWlAXSw,2020-02-16
Bbadat0Q0Ds,2017-07-27
24001CxO1IY,2018-01-04
Hd6QgsXB7Y0,2017-08-22
WVmtNtyG1IA,2017-06-04
IQ34jeVFCEU,2018-07-05
EEqZRzg6M74,2019-06-28
NcnybUWNMq4,2017-07-02
qsSTusSc3Is,2017-06-08
VdS-PZIDSlM,2017-05-07
7Kwf9t9H4wc,2017-05-23
z5WrgDzNIZ0,2018-04-15
LJjsm6CVsG8,2018-03-04
yz7Cn3pHibo,2017-12-03
Fp0BScQSSvg,2018-09-03
AsfVZqZhtUQ,2017-09-18
fyyn-dFALfI,2018-01-08
UC6USOV4ewc,2018-05-27
VwEzECCjhhE,2018-01-15
02fRdleMSaA,2018-01-14
qu0CxX8GJj8,2018-05-15
3bTER3G6YlI,2017-07-29
__W14LIzDqM,2017-11-16
Z_69YndI2Bo,2017-08-04
BfX2qAMp5ac,2017-04-07
Yjnmw0qlAEA,2017-07-16
Df5X2ir-gRg,2017-04-22
d5EeIXavSJs,2016-11-15
EDxFf1__86A,2018-04-30
98JAUcU9bmM,2018-04-14
3Cp6jr848To,2019-08-06
tDqxrZf-roo,2020-03-28
nUb-3l55Ric,2017-05-09
uU95jBsmKQI,2021-02-20
27Oo9jr4pSY,2015-12-13
t3NqNg2UnWQ,2016-07-16
U4nrws43QR0,2021-02-21
EGgGgxgeEmU,2017-12-20
e8pZtmvJOpQ,2019-06-04
iDNjF2-Ku8k,2020-09-09
8XKEZC7vwRw,2019-08-07
2uJE48aKVNo,2008-05-03
12PWq22E9CQ,2012-10-26
mO1QBTG6EXs,2011-11-18
mtODX-055g8,2012-01-20
e1h5TzdTq0o,2011-04-22
XJ87Lsx40PI,2012-05-04
-MtBaFKa_F4,2010-11-19
Gqx0u-0zG8c,2011-11-11
wyx-mmq87Mg,2012-03-23
cL_G31YDIZY,2012-05-18
c7IYpLO44hc,2021-07-11
zEs4_Q0KGMQ,2020-03-29
FZD008aLZXI,2019-01-12
tNz9Mgz1gyk,2019-10-11
ZvfS90-8DRA,2022-05-16
qjhhxG2gYqk,2021-03-17
yRQBS2hhDJw,2021-04-12
pTePZ65GYwE,2020-05-20
1xvN9jyJHSM,2018-03-06
3Wfx-WOgsRA,2020-03-17
Se1y2R5QRKU,2013-07-10
58kDMw779xc,2013-12-12
wESuMyTv8sQ,2014-06-12
f4NOJ42-BKM,2013-09-08
yLVSN9Q3toc,2013-11-23
2K-yl1sl1ag,2013-04-26
iXjc8qklxks,2013-10-06
be7nHzijyGE,2013-03-14
lytzFvAfRRk,2013-12-15
JRfuAukYTKg,2011-12-21
uO59tfQ2TbA,2015-05-19
5dbEhBKGOtY,2013-04-23
oC-GflRB0y4,2014-04-10
ft4jcPSLJfY,2018-11-20
3x2ABSAMVno,2014-02-28
PVzljDmoPVs,2012-09-28
RqcjBLMaWCg,2017-06-09
NUVCQXMUVnI,2010-02-08
jUe8uoKdHao,2011-10-14
Juyodtul_7s,2023-03-27
vVi3DxXzwhU,2023-03-27
ZF5iGQbJqQw,2023-03-24
fJSJgTiN2o4,2023-03-23
gk-ciEQSQUM,2023-03-23
oLtnNw0KT78,2023-03-23
IG51vmcDqns,2023-03-23
6Rzu8swl0cg,2023-03-22
EshcItJCT5k,2023-03-22
kWpoMIpuBTE,2023-03-22
nw3mHjzMMwY,2020-05-12
WOaPSO6y6WE,2019-07-23
MX_UZ3ONUw0,2019-08-14
yrG_eiBsjsg,2018-09-28
J5hSZlRcrSw,2019-08-13
q3c_6XZAhqk,2018-11-26
13d9Anx5k7I,2019-10-11
UUpye1fHEPk,2021-06-09
0REu8W86T3I,2016-05-20
jy3zNvpnKow,2020-01-17
uFvtCUzfyL4,2019-05-18
hthcWCOxyUs,2018-12-18
4orZekvjmo8,2020-12-18
yDKWmNpw7gE,2019-01-18
3uk6rKXbG1M,2018-10-09
zRXcOZFgMfY,2020-10-30
sW_1fB9AwE0,2018-08-28
J5wqeUewAXk,2020-03-20
tuhY_L9mKic,2018-05-22
G1mPnQM5hQ0,2020-08-21
jwerp2SNiTQ,2018-01-31
2fs3DGhhgXg,2020-02-27
7m5_lhxTtuY,2018-04-10
4SL8XgDkaX8,2020-01-15
JG-gWnlA8cU,2018-04-23
j5XGs4DA5KE,2018-05-05
4NamVtr0e80,2018-02-20
cq3iYRr2q3U,2020-04-24
7M9yodrg5pI,2018-04-11
P4hk1jPRSrM,2018-03-16
YykjpeuMNEk,2016-01-29
1G4isv_Fylg,2011-10-19
QtXby3twMmI,2015-11-29
RB-RcX5DS5A,2011-05-27
yKNxeF4KMsY,2011-05-30
dvgZkm1xWPE,2008-08-04
VPRjCeoBqrI,2014-06-19
k4V3Mo61fJM,2011-05-30
d020hcWA_Wg,2011-05-27
1Uw6ZkbsAH8,2012-06-03
q2tskEf_D7E,2016-12-09
yDUZQSTjDzY,2016-06-24
oljPPwYTTgs,2019-11-20
ULIcDmXu7cw,2019-08-19
aIcLpsqnVZM,2019-04-18
PFkxd47VF2c,2019-10-30
S0IB30LOpmc,2016-02-05
rPpk5GPnZas,2016-02-11
qXznd3rg5ko,2019-11-20
9CGcqTZMvTg,2020-02-06
MUs0GPl9FHg,2019-02-02
vvrHHyzjkYU,2019-02-07
bILo4aTnsbM,2018-06-16
3nkMtNvm13Y,2018-11-07
N9mUohifweM,2018-06-20
AsPXRVOspoM,2018-12-29
orFV2QKSgQg,2018-12-22
vAp_N8sVbhI,2019-12-08
KYZwPVexBQs,2020-01-15
J_m6FAThjVM,2020-01-06
_I_D_8Z4sJE,2018-03-02
kkx-7fsiWgg,2016-01-15
YG2p6XBuSKA,2017-01-16
hXI8RQYC36Q,2015-03-23
OxxggwHFj7M,2014-07-03
aA_kuFTV-P8,2019-03-22
uU_FFtbCcLc,2015-01-17
mcGBVy3-W4s,2017-07-28
s2b-bB1MnXg,2015-02-03
cpLZeSigNvY,2014-06-21
LHAnmQlFeKg,2018-09-26
a2TPeQ0ZQew,2017-12-31
xaSbGj-yLT8,2018-12-13
KMgqMOgdJRQ,2015-09-04
UGGQqQUUmPU,2015-01-24
Nhc9aQ5fSBo,2019-08-06
wWxIa0jwgic,2017-10-05
2cbRL3lrNHA,2019-10-01
7MKnYNg-o7s,2018-12-16
7swbGxovgB8,2018-12-22
Mt7oS8Yq8YY,2018-11-30
_LCcWq5w6cw,2018-01-30
SJgxFoJvOZE,2019-02-09
5qkTFvxacDU,2020-03-07
lJ6WYouIRbU,2020-03-28
6Ya4orn-jBM,2015-02-15
w0RQA9TqX1o,2016-02-01
DsTSNq1rx3w,2018-11-07
IkN0x4A6kSg,2020-01-15
H3D-fkGBMvY,2018-12-21
H7luIj_k1tY,2020-02-10
-jjqAxE-cdQ,2020-02-17
_fSx8CopDNo,2018-12-14
QP15CevtOFw,2021-01-08
XtBiaCM0jGs,2020-11-10
soiXpGzDI-Q,2018-07-23
KAvjVk8sC2I,2018-07-20
U22ulEHLRPo,2019-10-10
aevoXmWqwCk,2021-09-09
P48G3GT1-e8,2017-12-31
hd5b02GXqvQ,2017-12-14
qK96CQddrag,2019-12-09
zDm6USZHJHU,2019-10-20
kBPiOu4sQuU,2018-11-08
X4A1577KJeM,2020-10-21
mr4AKz7XntI,2017-03-01
uWDtSfRz7hM,2016-06-23
_J9xujBI20s,2019-04-06
bkbsZo7l8pY,2018-12-02
vYeEZVbgtyY,2018-01-11
GYpzzbVRrsk,2015-01-29
CKDwsFbq1_c,2013-01-23
zCLZL-RV1tY,2016-07-11
qSvheEoBr4A,2019-01-30
cEeUFE6tRmQ,2012-05-16
xjvRvSV8yEM,2018-01-31
9Ic6PWwTU8g,2019-06-05
2dSGCzeuPlA,2014-12-24
c91bNchSC5Q,2016-02-26
WlY25SbEHFo,2012-10-28
8WWv5_k8D14,2019-09-12
S-ezhTXPVGU,2018-10-21
Q-GOFPM01d0,2017-02-21
v6eMKfr8qEY,2021-04-01
mPhboJR0Llc,2019-12-05
n92qIk6nU84,2018-02-12
FVPdfPhXmR0,2017-09-06
nzhKAEYRHww,2019-05-16
bZxtKxiA2qo,2019-08-21
Eh2IMZ5Na7o,2018-08-05
bX3S-_jUauc,2018-01-29
aSjflT_J0Xo,2018-11-05
NPpELzyP4rw,2019-04-04
1GS7wxWPaxc,2019-05-15
aV3l_X54bhc,2018-07-23
3GLPjp_A1tE,2018-05-08
bIVIEZNsa_I,2017-12-04
Bd9R1pFlOhQ,2019-06-28
Ox9DGt6ednU,2019-02-13
U28pYrR8TI0,2017-08-15
Bsi_7VeP8u0,2018-10-26
sINQRbbxToo,2019-06-05
yHdIcqI7wG4,2018-11-02
CZJvBfoHDk0,2021-06-09
EiV3XW5J1ao,2019-04-04
YrRs4acFOv0,2019-06-19
69A5LIBwXt4,2019-06-23
P4JIcaRBeNw,2018-07-27
8e0z3-iZ_TY,2018-05-30
j_V6PTcCQCc,2021-06-16
sIgKf7aa8TI,2020-07-03
I5fmNdnPjpM,2020-01-27
QukFByUTcyg,2015-01-10
sx9V8mNwiig,2021-08-06
N2e1NbWQkZU,2019-10-05
2BvAMRpKzJI,2018-08-03
LtkKiU0gGzc,2019-07-18
wcIT6LInnSk,2018-05-06
1_neEtThSBk,2020-12-22
r7Q_MStHLNU,2019-07-07
1lFk1LSsI_c,2019-02-08
k04ErjFQO-c,2019-06-23
uoGCXFuDiQo,2019-08-04
LXXkiUKDK4w,2014-09-26
ihEuz9mr0xE,2019-08-18
s6z-JwK-tTA,2019-12-16
ftzzbqlySJ4,2019-04-07
xlaStrxzW_U,2019-07-07
4jtbe0I1e1c,2021-11-05
FE435iFT6jw,2018-08-29
H_bw72GdvtM,2019-06-08
JFzkconHj4w,2019-01-23
MbbSAPp1QyY,2017-05-25
5ESwKFpBO4Y,2020-01-15
_T9yKxqjoxU,2019-02-14
wkIlG6uDANU,2022-10-04
mrKRmApg3I0,2020-03-06
wWeGK9v14e4,2018-10-30
oizAOqrKXsA,2022-08-31
appvnuqwvKg,2019-06-04
mUhfScvRzBA,2021-07-28
EVxd-UgbYzU,2021-07-01
8Pga3brliIw,2021-08-05
99jtPIrzfN4,2021-01-03
-cecCEyubcE,2019-05-06
UNLfoGw7q5E,2021-04-29
Tle9otiF6Ak,2021-10-28
zD2N-g0OSRM,2021-05-04
FnabXXBibYk,2019-03-20
5WZTNKVM9tU,2021-06-10
_yDm51-lR2I,2018-01-08
z4L2E6_Gmkk,2018-12-14
h4CyhQqAPpk,2019-07-06
h0IPcqF2q9U,2019-06-08
sv3TXMSv6Lw,2018-07-15
rEdl2Uetpvo,2018-04-29
rFAddL8g8mw,2018-06-02
o2RGudbzHLw,2018-10-12
X5oD_thIk3c,2017-10-01
IFe6ag34eMg,2018-09-21
6eHCKU1ZWgI,2018-09-08
Tm-uAFGOAm8,2017-05-06
sKFL0JmIxe8,2017-04-13
bNj7sf3zjhE,2018-08-25
Ez1u9auDNqQ,2017-01-20
7vjGtjsHcbk,2018-04-07
0-7XfrbI380,2015-09-26
dJGJQ2MghnU,2017-08-19
ozXrqdW20k4,2017-07-27
HuHz24j816A,2020-11-07
WHIF8EHyVmA,2018-07-20
idQlM5In5Xg,2019-02-16
L9Ela893TZM,2017-07-06
rbc4WpEIYEQ,2018-11-06
imd8ud9zIHE,2019-04-21
RwcgrRbVExU,2018-12-16
37scpcE40yE,2017-04-30
U6xm9cSFDcI,2018-04-29
8v9XHTPf5cg,2017-07-22
ljyKiLhAJhE,2022-12-30
3AtDnEC4zak,2016-08-02
nfs8NYg7yQM,2017-04-24
BxuY9FET9Y4,2015-09-15
igNVdlXhKcI,2015-04-01
CwfoyVa980U,2017-10-19
a7GITgqwDVg,2022-06-24
i_yLpCLMaKk,2016-07-19
WFsAon_TWPQ,2022-01-20
TBXQu8ORnBQ,2016-11-02
TdyllLZeviY,2018-04-21
hSlb1ezRqfA,2017-05-31
N9phCHjI6cI,2017-06-11
uuCExYQHtK0,2017-06-17
2_evn2rg-80,2017-07-08
SFa5PyWTjKA,2017-04-04
jC0BbeFd2zA,2017-08-06
duNWzHgisP4,2017-09-13
jE2VvGZktJo,2018-05-25
tCMx_RPLCYc,2017-08-28
pOHQdIDds6s,2017-11-23
ct-CdyT4HkM,2014-09-06
pWUzkxtoJ2I,2018-09-13
43uTBB574g4,2016-05-10
Xrp0zJZu0a4,2015-01-27
A1LUHmUcIsk,2014-08-01
VzHtsoBwBqI,2015-06-01
Z5FoX3ju2J0,2016-10-16
M6XiFKB7j0w,2017-10-01
7fgCfC3bM0U,2014-12-07
L6EwZWWRA-U,2015-08-16
DfulyX2IFFc,2016-03-15
StXPZcGg46E,2018-04-19
_f2zRRsRnOw,2019-02-07
rI7gvSWDOzw,2019-03-07
1_-dZJ_4_Zc,2019-04-25
JElgcq_XGd0,2019-02-14
fdUgKk-G5Tw,2017-11-09
gGCKVxl9STY,2018-06-28
P_n__EKPIVg,2019-03-16
FoOiWhTgI3o,2019-11-14
wG1HKc-eY-Y,2020-02-18
5icYc86o5Es,2020-01-24
iNWHHhIsE00,2018-11-12
Z789GZnFkwk,2018-08-10
7kPq1PeCz-4,2018-07-31
EXl0QTPQIqE,2019-02-17
ZAdfLyJX0N4,2019-11-03
-ubyfnNldxk,2018-07-16
d3nE9l1Y-hc,2020-07-29
Su3gI8sx4uA,2019-04-26
9h1l5Z0mH0w,2015-08-11
jVwn1xZEgJ4,2017-10-14
sGITH2QETAQ,2016-01-26
wy-djZ0EZhI,2018-04-11
jDARX4yUPkk,2016-05-21
o00f-GlCgqA,2015-12-29
OrvxyaUN90Y,2015-10-26
I_wyVK1Jhww,2016-08-18
Od8csGYy8AQ,2015-11-12
Wxjcz_udt_8,2016-11-17
fbK2ySlxAW4,2016-09-08
MamJtYJKdPU,2019-04-11
osCw73O_WMo,2012-10-16
xX-bprr9rFo,2021-11-30
73wTsXvjj78,2018-04-03
2VkC18szIr8,2014-07-25
INJSYLVA_fg,2012-10-07
5mJ1xTHYFEw,2012-10-06
ymsEsqvZkOo,2012-10-09
elKpkk_I-_U,2012-10-08
fYLzdkLgU3M,2016-04-02
W55b4BcCPM4,2015-12-27
_lfCNT2kIoM,2018-10-06
LUHzOYcZv6U,2019-09-01
tEFGOB0TqCE,2016-11-06
OIzHAxcOfus,2016-04-24
igZjrKA_Tn8,2016-01-23
hNZzxJW9asM,2016-08-14
_9yOLKiT_RQ,2015-11-23
YHJ1VQv076Q,2015-10-03
qkLMPihvKaQ,2018-05-24
D2xmlzMOsmM,2019-04-18
cbSy36fu6Pk,2016-12-02
TEl6KgcfSA8,2017-09-28
HUqf84AZ0mM,2012-12-11
32xlppvyWC8,2016-10-13
84vyCo8vFHc,2015-11-27
qFjP-OJ7Bh4,2008-11-19
z0J26eCipr8,2016-10-13
M3rg-rh6MPo,2015-12-17
mH_2iYhZmcE,2018-01-05
Jxh2ZjNlknY,2018-03-01
F85zvsKMsjo,2018-04-27
kcsXWqhtGWU,2019-04-06
TpNCcq6Rsz0,2016-08-05
ihpOUszp67g,2018-05-04
EW7JLJqPLP8,2015-02-13
YweSvKXsKEQ,2017-11-28
qqLgjJULT6c,2018-06-07
NsCd95Du-O8,2020-03-10
6ZfuNTqbHE8,2017-11-29
TcMBFSGVi1c,2019-03-14
hA6hldpSTF8,2018-12-07
QwievZ1Tx-8,2018-03-16
tmeOjFno6Do,2014-10-23
dKrVegVI0Us,2016-03-10
ue80QwXMRHg,2017-07-23
K4zm30yeHHE,2017-06-13
HoC7yFRSnsQ,2018-03-28
aWzlQ2N6qqg,2022-02-14
bmyXHQQctyQ,2019-10-21
FVojUMhBAtY,2017-08-23
cDvnAgNrQog,2018-10-04
sf4481EUKyg,2017-06-15
iMNywsqXJW8,2016-12-02
1GHbn_wiOGM,2020-08-15
-1CSzP-LEGk,2017-09-07
6yifLPR-Mck,2017-05-29
pmjH9erWu48,2019-06-25
KQVISkhafCs,2018-05-08
TsSC5BUuP6M,2019-01-31
irg3MQyTK3c,2017-12-08
CZ4RC7LXfC0,2017-10-25
DbymrjGU0Uo,2019-04-22
In1BoFEHw-E,2018-12-08
L_ek_dJi028,2018-12-12
Hb0wmQmxe3s,2019-05-27
IgQSLOj53pI,2020-02-21
Q5NIOLvTZ6Q,2017-05-29
H1MoPW7V_0k,2018-06-18
QqLgmequ7Bk,2019-03-17
88aDJFdUjH4,2017-01-21
4NnJ-7Y6qwo,2017-07-30
p6ff-ShY5Bw,2016-06-15
9biIOtEYeHc,2015-05-07
If2rE7Sagyw,2018-03-18
ZJy1ajvMU1k,2016-03-07
y5gnlPTXGB4,2019-02-24
MpTodVRR73E,2009-12-22
3tyYsfl4DlA,2017-08-28
B9Mi1-qn_PQ,2017-12-08
5YIK4b7fNeo,2018-10-27
Uo7U7ruedic,2018-12-24
pgHrRi91-Mk,2018-11-22
SvQx5FMEVmE,2019-12-06
bN5xWBjYvQ0,2019-06-27
ZujP5qjviLc,2020-09-18
rTJSWmgbVwA,2022-04-01
Vz9EXeF01A8,2016-06-10
14C28JSO-sg,2021-11-26
7frcq-wBhZs,2017-10-13
xcoWvnF0h18,2019-01-09
1xEHvFmFGxI,2017-05-27
GfhrANjxWno,2017-03-22
99i-Uo7rIpw,2019-01-20
Bho5zxsXy9A,2019-01-24
JzUxh--TdJI,2019-08-11
F_pM3MhtWcw,2019-09-09
o7jCx5thcDg,2019-09-13
Wm74Ptqer6E,2018-06-11
OTLCwJthVyY,2018-06-03
DtjQzcuLb34,2018-05-26
EkFgUQVR9BU,2020-03-28
4bvtjE9v5o0,2018-04-03
ZHrHrNvyjj4,2018-07-03
pI2Vu8Rldk8,2018-09-05
nleELDBP8Rw,2017-12-16
b23-M8Ls3Iw,2018-02-01
mIKhSLiMZ4Q,2019-05-14
gwgWS4HxVUI,2018-07-05
N31YI1XAJaQ,2018-07-01
N92MGjxiQZY,2017-09-29
SaA3hlulBNE,2017-01-12
-gPwz8vGHkU,2015-10-24
NMF0L1_ZcWA,2018-11-21
A8sQvQapSXM,2019-07-27
3AC4txOoMpY,2018-05-23
c81tPT8WUJQ,2019-11-02
ra6Wybk6ku4,2018-08-17
EOzuld8xkng,2018-11-14
0d0aeF12kC0,2019-10-25
d9RqRYp2y-c,2020-10-30
YiufFlYUARU,2019-10-30
PRqeG3X5byA,2019-03-06
fgxvVNl2ArU,2019-07-19
xoMov6-gTAc,2019-07-10
eUiWYzXTMJ4,2019-02-22
xnfGc3VcHHY,2018-12-14
n83YPWkY1eg,2018-03-21
fZ8uwBGQCUk,2018-05-17
sKZstaoPrCI,2018-07-02
6LoRTM41fmw,2019-12-03
RC6bp98msXA,2018-12-03
o2eXWD9rzLU,2018-07-04
g5LeCRcCVIA,2018-08-18
a0pPTnlRFUM,2018-03-13
xHnMELK67bI,2021-09-28
Wn1jNT4Do9U,2018-07-17
AFC5RaH4xMg,2018-02-28
Sqd3jUPq3Lw,2013-01-26
EYEHUOpwNvE,2013-11-14
P9LmHXXWiJs,2007-02-19
ZsPsKLjw-SI,2016-08-20
DCCxOFtrMMI,2011-02-20
wgVOgGLtPtc,2016-12-24
2hIrbnVx4k4,2018-03-14
t22flliJLTQ,2020-01-01
IwB4idmx7oE,2015-02-15
imW392e6XR0,2014-05-22
AKEQwvaYI_k,2010-03-02
LABGimhsEys,2014-11-21
aHBLOkfJSYI,2018-04-24
Hcmz74AaXHs,2012-07-25
JgQVj4iMm8Y,2016-09-22
RK-oQfFToVg,2013-11-05
t2oVUxTV4WA,2017-09-26
RDocnbkHjhI,2015-03-13
Zu5Oo23G67w,2013-10-10
b97Dl8fAP1A,2017-08-26
Bz3BhvXv8KY,2018-10-20
1tlokQFORbM,2017-09-30
nxBbHkSlXHk,2016-12-07
3Qw5o5uTfYo,2016-11-27
M7jZujihpPk,2018-10-24
CBipBrBxpeU,2017-03-25
tL5n51oCBqs,2018-09-16
rhhQS3ns6HU,2018-02-07
GfpP-bPfHlk,2019-09-03
XH3Xu1-cvII,2015-05-11
yVLfEHXQk08,2016-11-19
-KOohzZfoss,2016-12-09
wczdECcwRw0,2015-12-07
TfQc3pDBHaY,2017-05-03
ZEjwnkzzHa4,2016-12-30
DRepbLikfNA,2017-08-04
ZUFj0fmKolc,2016-12-16
DDY6KjQCMoQ,2022-05-02
aUnB5nzmmtc,2016-12-23
g6ADn177bag,2017-09-23
3LdE3y9ehVk,2019-10-05
DOMPU26i7Xw,2019-11-27
zZz91aicTuU,2018-08-25
BuvyOhCjeIo,2020-12-05
T2IpHrqkFqA,2018-01-27
CQOOI6hXLBM,2018-02-17
YX4mYLElLqI,2021-04-01
ghU3y03ZYn0,2017-06-16
Jvgu_6kSWGQ,2018-10-27
WSinMOs5eGw,2015-04-11
g3Rf5qDuq7M,2014-05-10
xHxsVRM-pS8,2015-05-16
ZsNlcr4frs4,2012-03-24
J7_k5tUeoUc,2009-05-16
gO_KyTtJg10,2014-04-19
dnvQ3HX0-pA,2013-04-27
pVmp1cc2Wxo,2013-05-26
hjHnWz3EyHs,2014-04-12
cZZM3bgmXE4,2014-04-19
xTlNMmZKwpA,2018-05-29
PEGccV-NOm8,2017-06-25
hsm4poTWjMs,2020-08-07
3y-O-4IL-PU,2019-03-01
Wc5IbN4xw70,2020-08-07
Zj2cK8wymIA,2018-10-23
rCiBgLOcuKU,2021-02-05
kcRWyLMVrFM,2018-08-20
8zSRkr1nQNw,2018-05-21
cJc7xWJbwJw,2019-06-26
gi0nqupQ94E,2016-08-09
URxsOjGMg4w,2016-12-06
UbmwKMGKiAc,2017-09-21
mVutD41HaDs,2018-02-16
Uq4dyDHgqAI,2016-08-23
ldlMb2ZT9mg,2017-01-23
ztNkwPMCfqc,2018-10-14
Lp2_kvAQwD4,2014-04-16
F6znxz4BKaU,2016-10-21
0dygUldtJDI,2014-04-25
qoXi7CEtZl0,2017-12-21
IiWRvNVgStU,2016-09-28
CYYiVB4gYWk,2017-05-15
8sVtTyjfFxo,2020-03-02
brR0rASxg0g,2018-06-16
2CZuwjvrlJg,2018-08-28
qF5tzQIWULE,2020-02-26
Mco5e0A6JTI,2019-03-02
15yFIuEempk,2019-05-18
eiA9GVu54kk,2017-03-25
U4xFWIKVT6s,2017-08-11
Co3mVOM0K_o,2014-09-23
rJscYHJAq4s,2018-03-25
keQOD0srvCM,2018-09-09
wOvtuwThLqU,2019-11-22
OqznXuPPOiA,2017-05-06
VUx8KJGxwgs,2017-07-05
vbwoI6PJQKo,2018-02-09
tNIQGrPOsPw,2017-11-04
mTUURvgnfas,2017-03-03
znK652H6yQM,2014-09-23
cV5TjZCJkuA,2018-06-19
8CTxbQ6cdUw,2016-07-03
utRww8-QuBw,2016-03-11
JJ5WP2BKigc,2017-10-01
wCfClc8ssOU,2016-12-25
ju6ERMA_5xE,2017-04-12
VSqkL31w69k,2019-04-15
r-3iathMo7o,2018-05-13
NxEuXsR7tCc,2018-06-27
lEkbcr-7GSo,2019-10-07
urnLi3TRS50,2019-11-21
LkPDFZnc-Z8,2019-05-24
L36WnapEYf4,2018-12-07
D1e3_FC5S_s,2019-11-06
CJ7ok3hN0f4,2019-04-19
M2ToDvQLOUc,2019-02-28
IARtQGAiZcw,2020-11-29
urlCz7x0jrw,2020-07-31
SSPEyQ1zwdQ,2019-07-08
BCOjopku3bk,2019-02-15
ULkNgvsp77Y,2018-01-26
uSsD1SXvbuU,2019-05-08
sn2uJrs90hI,2016-12-02
Yq-h30vwXkU,2017-09-24
l7SSQnsnCmA,2018-10-06
pqXBeXmAKKg,2019-05-30
RsX2VHnHT1Y,2016-02-26
8VrVoJBSg9g,2015-06-07
XgI0ESFS71c,2016-07-25
Z8Hc6zwG_YA,2019-05-09
Wij75zhAoao,2020-08-31
Mdf9OcCHDpM,2019-06-16
kBZlhVqnXP0,2019-08-23
a6WsqUUdrMM,2019-07-07
i06zBs7MHaQ,2021-06-03
ld-0fgJsM1k,2020-08-03
vFwtkzNBfn4,2019-04-02
X3WD2AX7A3g,2021-04-29
s6KZQX0JixU,2019-08-16
CAb_bCtKuXg,2018-07-19
2yFCyPX3kT0,2016-04-11
rvUzuK0ygI4,2018-10-05
pO4DV5KZClk,2018-08-24
ntHMsyr3R6w,2016-07-30
E-fakvMntAk,2019-03-08
MqFBlaMQKmw,2017-01-12
cV542dRK3uk,2016-03-30
dAqC07wsbOk,2018-12-09
WAwRrtH-4Lg,2018-01-20
BHkxKmr4Ffg,2020-09-04
oXm2AuqwPlc,2018-08-17
wzKL-bQKcgA,2017-12-14
VQWKFfeImHQ,2016-11-24
ev9HRduIaPw,2017-04-13
F983f0IjsC4,2017-03-16
R5sO5cx9ifQ,2017-02-02
xJrOUJpCxOE,2018-01-26
UQ4aM9QJD0k,2016-10-13
GGHIOGtHjYg,2017-10-21
JGNiafLl0iA,2016-04-05
Mb-QVfwCmYg,2014-09-30
aICCLnBMJ5U,2014-03-28
r01P9RmMeBI,2014-11-11
yTrIfkAb-_8,2014-09-23
Nj3qoo750_I,2014-07-29
M82wF72RAAw,2013-03-18
9RkeppfNvP0,2014-11-25
TeC4lPwABCY,2014-06-17
WFp9D_Eue9M,2014-05-05
w4hXqsLnIS4,2020-09-22
QdkXCZvW2lg,2019-04-14
fKFAgDm15jg,2019-07-07
UT2NcuMm3t8,2019-06-22
Y3sXqKv4qcY,2018-05-13
8_V5vu-lfa8,2019-09-29
yHBpSPD6TpA,2020-02-16
4184jxVRCIQ,2018-10-06
afl7XTBvNyQ,2020-04-03
FZUid2cYkco,2019-11-03
pTtsn2Srm3E,2012-06-05
vBdCdntp1uI,2013-07-07
jNjCv9OIF-M,2011-06-10
U4DeB4V2ZnY,2017-11-26
_nSToXsCiW0,2018-05-06
0py4ZOqPt64,2018-01-21
YDkll1hUbFw,2018-01-06
M1veB1CILok,2013-06-10
laQq-nAEJWQ,2017-10-25
WF69sA0xvKY,2018-04-11
9z5vRkO1lBM,2017-12-22
C6Z2Zuq74gg,2019-01-12
-5m7x4nCFbU,2019-10-12
uaOcxaTR-Cw,2019-09-14
PznbKJ3C6EE,2019-06-15
sAPFEBYi0q4,2017-03-12
E8vovTYcBMw,2017-10-29
hj2nTqgDGsc,2017-07-23
mpjb-thhmeM,2020-06-20
GhRhbmXX3qI,2017-05-06
sD9_l3oDOag,2018-01-26
ghAvJMxE1qo,2019-01-18
WtE011iVx1Q,2018-03-30
NE3IkFadCHM,2016-07-08
lsbqH5bJURc,2015-10-22
EzUYwXNUlkM,2017-06-16
SRm2Ch4oFWs,2021-04-16
dNa5gs24gis,2018-09-28
FjIfxEXOcxo,2019-06-21
9bZkp7q19f0,2012-07-15
ASO_zypdnsQ,2013-04-13
wcLNteez3c4,2012-08-14
FrG4TEcSuRg,2015-11-30
8dJyRm2jJ-U,2022-04-29
HkMNOlYcpHg,2014-06-09
OwJPPaEyqhI,2017-05-10
Xvjnoagk6GU,2017-05-10
9HPiBJBCOq8,2012-07-25
tF27TNC_4pc,2015-11-30
h1A9Kc5iNkQ,2013-01-10
4WryP4KxHaU,2013-03-07
UwlPVpBfk_I,2014-04-24
C9nSNkqv_x8,2015-12-14
NZb0XKHgtjo,2013-01-17
cPf2DlzCLjk,2013-09-12
-nb2Tu8rAHg,2013-03-04
5d4sCg1RZHQ,2014-02-17
7SWvDHvWXok,2012-03-17
N5vJSNXPEwA,2015-10-05
z-IR48Mb3W0,2015-12-15
Uj3_KqkI9Zo,2014-01-16
Y6e_m9iq-4Q,2014-12-01
7yDmGnA8Hw0,2015-09-01
H0-WkpmTPrM,2014-11-03
2tM1LFFxeKg,2015-11-03
9iMGFqMmUFs,2016-03-29
xyQY8a-ng6g,2016-06-21
UCTD7UVWu-M,2016-07-13
uX_AuAVIbg4,2018-04-24
FydN2OFzu7M,2018-08-10
FXxXOXdHS8Q,2015-10-31
gms9P6G2RYE,2018-10-06
qwqLOtC9JuM,2012-12-06
26DGF3FLlJk,2018-06-21
V4ERtr0wA88,2018-08-30
tMfq4O7q-yY,2015-06-04
_vE0kJIl_R4,2016-02-10
VAFnHCIi8gc,2016-10-23
Zx8dsGOmPPs,2018-01-09
oCM4pU76KMQ,2017-10-28
Hn4AGoqeHY0,2017-07-10
5ZJFDfl9aQk,2018-07-26
7gXgKW8avnU,2017-07-04
U5nM3pSuBjw,2018-12-10
7IQbt254Qa8,2018-10-09
dRP7AfYzjoc,2016-09-26
oTQmKWbK-As,2016-10-10
GvMbLvY1XuE,2016-10-27
z3jE7ZoTp-I,2013-06-29
me4E2LmqN_M,2013-08-06
aWfA1aFwISI,2013-05-13
VhDPPenQot8,2015-06-17
3t678W5zfMA,2015-12-10
115amzVdV44,2020-08-18
m2o_zW1_MEI,2016-04-13
ETTyVQrUZt8,2014-08-23
d-eSHPERoPk,2015-05-21
k81Fsp1yDO0,2018-10-18
ceOrO47I6VQ,2017-11-02
zEBFDpykLv4,2018-12-22
leqNWJF1ZGw,2019-06-01
tQazXpUG4-A,2018-07-19
62rCVK2ojhI,2018-02-24
ETB34Mo-PO0,2017-12-12
C8ezyiev700,2017-06-07
vyr9B-CalXY,2017-12-25
QbABCe6HbbY,2018-06-26
COBQTUQigHs,2017-08-03
5a7YI5zW6aA,2017-07-03
UpwUTqd_uTU,2017-11-14
OOH-_jXSq8k,2017-07-13
QiwSbZZSOgw,2016-09-16
p7L3xGcmtzY,2017-02-28
JlmKNolokuw,2018-05-05
jseu1Blxhyo,2017-07-26
jktwAGlO7mw,2017-10-29
pGjRKcSaLDI,2018-06-19
dPhVbPC_r_Q,2015-06-17
ThVWCTC944o,2015-04-17
e7zEqxgSFdI,2016-10-29
K2ghJNWo5pk,2014-09-14
t_qZWkR08m8,2016-05-15
tYbYCcrBTno,2017-02-04
JhDLfBH8bwQ,2018-08-03
UJiw0eYrhxI,2015-01-05
zljSQlzBIdA,2018-12-21
MWXkbC8CItI,2019-04-06
OPncMD2eQ9c,2018-07-11
y45wYeka7Z8,2016-04-07
7wdp6tRim5U,2015-12-23
u1iDHGKJcJI,2015-12-28
PmjKXXQVIs4,2018-03-05
3HhD6VhLpiA,2016-07-15
EQZrx4DVN6c,2018-07-20
LVANZ5B51ck,2015-10-02
jbidTsU5okk,2017-12-29
1VUVJ5oBLw4,2017-06-23
7VesPrGIqSU,2017-05-04
RurULROi3_M,2013-08-18
AvM7IdO4QPk,2017-07-22
iI24huc6oWw,2017-10-14
CuZgcBm_k9g,2017-07-05
Qw9--6lYot8,2018-07-27
mlgtt9eCIdc,2017-12-15
Y28I3YIp85s,2011-10-01
8-WMLpSEd_4,2017-01-05
HV652F7U6Qs,2020-02-01
6KJNCSKX1rI,2021-01-07
-t_uhBBDbA4,2018-09-05
j6dmaPzOBHY,2020-02-23
75vjjRza7IU,2017-12-19
cH2CyaX8YHM,2022-03-30
fcvFfhUVgzc,2020-02-29
5wGGdgVsd-A,2021-03-14
Yj2efyQV1RI,2019-06-19
c7gVaoZLe00,2021-06-21
fJ9rUzIMcZQ,2008-08-01
HgzGwKwLmgM,2008-08-01
rY0WxgSXdEE,2008-08-01
-tJYN-eG1zk,2008-08-02
f4Mc-NYPHaQ,2008-09-01
kijpcUv-b8M,2013-08-07
azdwsXLmrHE,2008-08-01
2ZBtPf7FOoM,2008-08-01
04854XqcfCY,2008-08-01
t99KH0TR-J4,2013-10-15
5NxKNrfqUjs,2019-10-27
KF8I09WBtEI,2021-02-07
ex1iFyfLUTM,2020-03-01
aAOC71qqXxM,2019-08-18
rR7y4dyGvTk,2019-03-31
zi6BQRG5xH0,2019-09-29
fuVS2H6AYWE,2019-02-17
B-gHb2gPGIs,2022-07-24
wYfYdrd6fqI,2019-10-13
tDDEiUX38hc,2019-06-09
snjhDUQktMs,2016-06-08
WvpO8To1qFg,2015-12-13
th_LYe97ZVc,2014-10-23
9t_h3yKntww,2018-07-29
d1kw1RmzrPc,2014-12-09
PV9jdolesMI,2018-07-22
_0fX0WNMMUo,2017-12-30
GPugMe4ePEw,2015-04-26
FMJ2jZtW7cw,2015-07-30
XnitQYkYYcw,2021-09-08
bf2ASh5vS-s,2017-12-22
BNiTVsAlzlc,2021-12-08
YS15RLUQ_FU,2021-11-17
lNe1D_E3R8E,2022-07-08
zoXM00Soj8U,2016-03-01
w6urQm7Prs4,2022-12-07
OSgYQl6GZbU,2017-05-09
94SKl5gmtQw,2016-07-08
JB3MqIpNXhA,2017-07-18
UDDMYw_IZnE,2017-11-29
GD2_bkNgX5I,2018-01-04
5gBeLN2Jkng,2017-07-29
qgmXPCX4VzU,2017-09-19
QCQR7eyaiJM,2018-06-01
yrJ7CVeiFvo,2020-03-25
NpngifA8iRM,2020-10-14
vO15zpO5kc4,2020-05-27
NtGgj5zhM84,2017-08-01
oVGRTQDqhs8,2020-05-18
xJybPumT9Rg,2016-12-05
B4uhW6nIdMo,2018-06-08
-Dnzon-hlCE,2019-11-11
iA9Ivo0UJt8,2017-03-22
zkjW9xfrnVU,2017-12-21
MeMsl0YRUP8,2019-05-04
VDzQAWwt_Ow,2018-05-01
kIvNFhxtiHY,2018-08-11
lN_ZYGdMnYU,2019-03-27
BKG5_LMywdk,2020-06-15
ZGsJxy7yX2Y,2020-11-17
RjWhHG0l6Ho,2020-02-18
DgvOGlUhQyU,2020-01-30
ZqhVFmfFLAw,2019-01-31
xm__ewOlACE,2018-09-13
YUKuTGODe8I,2018-07-26
o_mHLa5nV48,2019-07-18
pHFi1Qcqk9U,2019-02-14
frDUPIj6q7c,2020-05-07
-sjI6xECTYo,2019-07-22
gok-gkH4bwA,2018-03-01
oOop2bLiSFw,2017-02-04
VxE7Fi6jH54,2017-07-29
Y8PIcsCtA_k,2017-05-31
rvaYl7mr1C8,2018-05-07
g0BESHs4YYo,2018-08-22
GdTvQlpWPys,2019-02-01
4T-iZvNDIu0,2014-10-23
JL4PQVMaPE8,2017-10-28
mxpbKDlKkMA,2015-05-29
GUOOkgxH1nQ,2017-11-10
Os0koIINqrU,2016-11-18
lC1gu4-wFV4,2019-05-03
5lmUjaXmYvI,2016-11-25
vSFyZQXz1uE,2017-11-03
r7JqQ6a0eaM,2016-01-26
Txq2htmEHmw,2017-07-21
1ttb_Fxcpro,2017-06-23
bqPykd9s18o,2017-01-13
5J2sFngHT9o,2018-03-24
e9QZEe6JDGM,2017-12-29
DzXM6DaUgzI,2017-05-06
qzvdvORvWtA,2015-03-14
et0BKn8xfc4,2018-09-29
dwD_-2K_L_Y,2019-03-22
C8FCqoirURo,2017-07-17
RTZOsXdXPGU,2016-11-25
cSSV3Ps3bLs,2017-01-14
oReajR_hSvU,2018-05-26
3s_KEmqzCeM,2023-03-23
x9XkXqGDo04,2023-03-21
DB6-B_vtwuQ,2023-02-04
QxZFjShiXhA,2023-02-03
fGu6_hTTro8,2022-10-08
L5aEHhVZmtk,2022-10-05
XEeiSxN9lHo,2022-10-04
xoLmjDYHpxE,2022-10-01
qakthXvkNU4,2022-09-24
Ec7O1KPe_60,2022-09-22
IEsl_VMHd2A,2017-12-20
r8k51qeEEBc,2017-05-10
r5L_HjQ4754,2015-12-16
yz5M8tJRq0Q,2018-08-09
_cWklSGyYyk,2018-06-18
PrKwzzBrEjY,2017-11-21
wQDAGGjjpwk,2018-08-25
JdLap1Bpchk,2019-07-24
Fy4YwgXAdQk,2015-07-04
K527oNxtO7o,2018-06-11
GWWHI7SE0KQ,2018-04-28
XjJTtKTbR84,2020-01-31
vlkNcHDFnGA,2017-05-18
madsiEmiEZo,2018-05-13
FysV6XnDlQk,2018-12-26
Gt9WzC4WDEA,2021-11-10
uvCbZxYdLuU,2021-03-29
OsU0CGZoV8E,2022-04-11
HrrS_TOW4BM,2019-12-16
ZBDSNy4Yn9Q,2020-02-29
eQ_8F4nzyiw,2019-09-25
sZs4NDC4yrI,2018-04-30
kqnvrjgyEMc,2018-04-25
VWHlPH23P-w,2018-12-02
7CZq5SkIiu0,2019-09-22
M8NFhjj0bUk,2019-11-20
nDTeSb0TzbQ,2011-11-25
v7MYOpFONCU,2019-12-30
3dEfc9LL9bQ,2020-06-25
9-NU7yOSElE,2018-04-17
slpkWh1VR38,2015-05-10
rVeJCVtyp3Y,2016-11-28
pw3i9np_BcQ,2016-11-07
h-dNMdRvP-A,2016-04-22
PtokzSVKnZY,2016-10-08
WwgPOxXSYDc,2016-10-03
9EqOBLd9RNo,2017-04-17
3ZFb6iZkmDE,2016-03-03
Hd-CIifJMZ0,2016-04-17
zNqxbz7fDQ8,2019-07-27
AnldWwwT8jQ,2019-01-22
IlcFAsJ8zb4,2016-10-26
VNKU4hSz3SU,2018-03-20
JrsX6GjZDaI,2017-10-19
GcXfzy7NAGo,2017-07-28
oFnPNaD-SYw,2015-09-15
9vbddLNUOMs,2016-04-19
gu1_eWOYlUo,2017-12-18
98i_Ezo4KoA,2017-06-07
_Os4GTjrWys,2020-09-16
D1FJCqPTrgo,2019-10-31
JTPHGUNbKPs,2019-10-03
GFp_WgOK9Zo,2020-03-11
FoH082oE3E4,2020-11-10
abR_789Z9qA,2019-06-15
S_seqN60D84,2021-11-25
QYzZrLjsBV4,2019-01-04
L64loz5rVnU,2020-09-07
vdJiaHP_BTM,2020-07-03
TvoMbkiAieg,2019-10-18
8kwUKK2EkbU,2017-09-20
E4AxtFwiHAo,2018-04-04
_NmYPDn3jzg,2014-11-08
Pr0B3kh1EYc,2019-06-11
N57_Gsutg-I,2019-11-27
AXGz_xYIsFA,2016-04-14
SPHtpCSzdSA,2019-06-15
HIPJrrQlxzY,2011-05-10
cgzh2BeFBQE,2012-06-08
yTCRwi71_ns,2012-10-08
d7hzcLZ7uRc,2008-05-12
YuOBzWF0Aws,2014-01-21
Hnvoz91k8hc,2014-03-11
enOHraf3LEk,2012-12-17
FLZ8L6SZmaA,2012-07-16
B759dzymyoc,2014-03-18
JGrcIYIC20c,2016-06-05
t9WO0iMTc1g,2017-08-01
QxN3l2b5LPI,2019-07-22
cv5d_Jm-kBQ,2020-01-24
7DrmhF_TsY8,2017-11-05
diRZ_3tLXm8,2015-10-31
09TdczXQ3Cc,2017-06-09
mcBMOrvZtq0,2018-09-01
T-bCxjbh1yk,2019-12-26
6WaknbJMUT0,2019-08-28
mb22qDHwiig,2018-08-16
me2kZerc2nc,2017-03-07
g8FaY2OeI-Y,2020-10-23
J4pyKi_luDg,2019-10-22
5rcX3mjgiOw,2016-11-20
H-JEq1x-OHk,2017-08-16
CxXq8J7l-BE,2017-08-20
aFwLmCNmnl4,2021-05-04
di1jMnHJNzY,2018-05-29
Cs5ehkDt-iI,2016-10-25
JYNJ55FWYgU,2017-09-03
dUAZMi3gT9o,2017-12-04
ierWeEVUazI,2018-09-12
xdRD3mC8i4Y,2017-10-22
it6-L0JB1VY,2017-07-04
iU1RJTsLsWI,2018-04-08
B9sJMRvzC-I,2017-02-01
pAv9ecqCCHk,2017-12-12
ffKbzmz25b4,2018-02-04
MIo7P8Mu8Ek,2018-03-21
ssRzy3rg0ZY,2017-07-26
Aal9mk6I9Ug,2018-09-05
WhscS8CIrx4,2018-03-03
i-RPSVlJMEM,2018-11-14
6nSI77ETehs,2017-08-21
2KX3dQBys6I,2017-08-28
fhL-ufHxSio,2019-09-19
uNaAMT1jbZ4,2017-12-19
jXLtXt7DScE,2017-06-03
kuKF1WICu2M,2018-01-26
P9JAnxzpzAA,2016-09-28
56S6NZOYMR4,2020-06-14
e_JX2msmRhI,2016-10-04
hPI6HIZTZXA,2021-05-08
ZIPJULQRkao,2019-10-02
AnayeftFeBc,2019-02-27
yOp0cyWp_P4,2018-04-07
YO6dUWjVmvI,2019-07-20
4NKoEN4D2wA,2019-11-25
FPAk81X3tTY,2017-06-20
RnBT9uUYb1w,2016-08-23
e2vBLd5Egnk,2017-01-27
AeGfss2vsZg,2016-07-29
pNNMr5glICM,2017-05-26
BDocp-VpCwY,2018-06-15
o7iL2KzDh38,2017-12-01
Zv1QV6lrc_Y,2015-02-06
Lpjcm1F8tY8,2018-07-30
nJSdYlAFKqA,2015-03-23
zH9sXggRlxc,2017-04-07
RL7grUEo960,2013-11-15
dKwzZZKIbUs,2011-10-01
D-YPnDvTCmI,2015-09-02
cjGZltVZORA,2014-04-18
wNRUzu4fTgw,2015-01-24
rR6G_Js1BX8,2013-09-02
db_XBgSyi44,2014-02-21
1VLc_hXWSPs,2015-10-20
etvZ7fDxQdc,2014-01-24
X9nJHPZCLys,2013-02-20
S1eebleLWeE,2020-11-16
o_EUqADWMXo,2021-11-11
b5J5xwGDhbI,2019-05-23
t-v8-rwJ_Mo,2021-02-19
FOQYFKBG-go,2017-11-06
-42LmVzfw_E,2020-12-15
Pdpd4ikuODQ,2018-11-30
L1QBrCd7m9o,2021-02-06
MZEnsetuP9U,2021-02-03
1me1Q8n8Y0Q,2021-12-27
2dg9oc78Kv4,2015-08-26
T_4RvW2zFww,2016-02-10
IOg45dmtqPc,2017-04-05
R10mrTJpqPw,2016-06-21
AZ_t9iAJRDw,2020-10-22
Z-qjxO_ZJKM,2015-10-15
GjnC-KKKU2E,2019-06-06
v0UvOsCi8mc,2015-06-22
zYNsQ6ibdZs,2015-07-01
mSgf8hZw4fg,2015-03-18
WYveHcWm7gQ,2020-01-01
U90Jsh7_iNc,2016-09-16
Ary-sEWyAHY,2019-10-20
3ilZcpgVlQE,2019-01-05
TYWrS9lbHVo,2021-05-03
Jjpfl2hgN5k,2018-03-17
33yBu31aJIw,2020-07-25
FAg6Y0z8rtY,2018-02-24
u_SXLo_0ubI,2016-10-28
3kBCUojc6rs,2017-05-10
rECI7yHmr84,2021-01-07
uc-Qs0aVa5o,2014-01-28
trRJ2x6BWN0,2017-10-13
KRCKj-WWs4k,2016-11-01
5nbU7WT5-qQ,2015-01-28
DTERlGwAFUI,2014-04-10
Dvv3AED8qa4,2014-02-05
xTTjmJJ-vb4,2015-07-14
4eRHyYEopAo,2013-07-06
m2j-x2dIU-w,2013-06-15
Np7lObaDiBk,2013-05-24
Y2d2HLdBF88,2015-01-16
2NPPE6a7mSI,2016-10-11
pAbgc41pksE,2017-07-09
BOnx5k2TiGk,2015-08-07
Fe2BfdlzwgI,2013-02-06
Lv8WHQwo4GY,2017-01-20
LIbwYaOcGxg,2015-11-04
_qiVBOqNiOs,2011-09-12
fBSYNez5d8o,2016-05-02
R4u7TUvEGCI,2016-06-07
_f9kIjhuYMo,2016-05-04
P87IAiJmo4A,2016-04-27
zuPoUsdXrqM,2016-04-29
L4_ayvWnlDw,2016-04-11
06C3yEJvDTA,2016-04-11
5y_TCKNzAMI,2016-04-29
tByUQ0e50ro,2016-05-24
NlGMtDDwc3I,2016-05-06
8XkcbdSRdO0,2019-12-26
CDvdqo_R6iY,2020-01-20
A7tikkWLBE8,2021-12-23
evKZGQ-qwEE,2018-05-16
pbLd3k_8_Fw,2020-06-01
8WEDJVhTiIg,2018-12-13
FGgtwEQ-BTk,2020-12-23
QuysZvtpbeE,2018-12-04
32AixTrZzuw,2021-02-11
WXo07dpXNOc,2020-11-02
SgZs2OP9zBs,2021-02-19
0OdfZqoSLN4,2019-05-08
GuavupYXguk,2016-10-26
vg3EB--5Imw,2016-10-14
AmADOlGXKUY,2017-01-17
TELi5r8aAdg,2017-01-02
pl6dJDuajwo,2019-08-30
YwJI4RkL2gk,2018-07-30
hfelhYzsL5o,2018-10-26
AqLA9b1ezNs,2019-06-13
2i1xEmCndl4,2019-04-30
pxjFIwzMul0,2018-01-06
5R3fApN258g,2017-09-21
P3hFQBjcHtU,2018-06-14
7Ojaxt74QIU,2016-09-15
7CD-hUz9ZZ4,2018-09-25
EYZJxVmyn54,2018-04-12
iSX1QHx7jwo,2018-06-07
Vo50UzmKxVg,2019-05-04
6nsGyrXVRAQ,2019-11-30
ZM2-VdPmLhU,2021-01-07
T0yyhepiduo,2019-11-22
tpVhmc80hRw,2018-11-11
_wQtOxfaEWc,2017-06-09
NI6TOSyhFeo,2021-03-23
762pxpBoc7E,2018-12-29
eLhSKrIBBEI,2020-06-25
7WXQd3Iin9M,2020-06-11
E5hgr1pj1fg,2021-09-19
Jke-SuoIp64,2021-05-15
FO1KkUIG3Sw,2015-06-27
AE_k2kN8BxE,2018-04-15
HG-xvvVz1KE,2017-02-10
DYRybYDP4Cw,2017-08-30
W7gh41NDtTg,2016-04-04
Hx6MYh5xavY,2017-03-27
fxRxOjppdMk,2015-06-10
U6vVDGaKL3Q,2017-01-15
uGtLzdKb9C4,2015-10-29
8RpnUsEvklU,2017-07-22
-uRRitChIUQ,2018-05-24
ipvMC3DWvDQ,2021-03-05
Flv4NAjs0bY,2020-12-28
rNTe3zwY-g8,2021-03-02
wgmoHi8Dsd4,2020-11-25
6cvDgIRxcYQ,2019-06-18
PuPglv8kaxk,2019-07-22
7vzU4afoeXw,2016-12-25
Pq9p3urLHBA,2020-12-17
xG1Q4R_6LhY,2018-04-26
pfOwPMqHv90,2016-10-15
Oo4QrJxGpHk,2017-02-17
yMUl43mWyGs,2014-12-25
s-TmKWntGIY,2017-01-15
VuLaqbxq5zA,2023-02-20
Yr6kv8DYXGA,2018-05-24
C7Y2rrSAP6s,2021-04-21
cIvs4DWhc4E,2021-10-30
zczBDmPPekQ,2015-08-30
whAGVUnFXfA,2014-09-11
a4Ov8qvZ2_w,2015-05-10
QOOw2E_qAsE,2020-01-13
6aeE5LXujC4,2016-07-22
IxxI1X9CSEk,2016-09-14
uYTFx26-S1A,2017-08-25
EcqKjNJdkS0,2016-10-27
LMYhnC1sVXY,2020-12-21
SOoauHBpcbU,2017-02-13
GUJqRkBEEY4,2020-09-06
8lPg4Ur4LmM,2016-06-26
q53HUAKB9oU,2014-04-29
mdeMkg_5m9w,2013-03-26
JQ4n2pxWntw,2013-10-29
1cgbDMYsLDw,2015-01-31
30mzPmm7gvg,2015-03-03
Xh_Neg-Hp84,2017-05-13
EC77tcJZIdU,2012-04-11
Wr6nP_kNoCw,2015-12-05
D3Okl8IFZ50,2014-11-29
BIuHKldZJmc,2014-07-29
0vWJnqIxID0,2016-12-27
ebAvOrg5gQU,2019-03-02
-j-8nu_uZ88,2017-10-29
uK8b8mB2JVk,2017-09-17
11HYWNLMBlA,2018-09-23
O-_KR1F9BcI,2018-06-22
lq9Qtvo7Bqo,2017-11-06
9Us79LaNwmc,2019-05-05
T_xwWYhKNtA,2017-06-25
Hh54jWVMhzo,2016-10-02
y4D1KtVetKM,2017-10-07
QprJCxw17xA,2018-08-18
ZEwiiUtukWQ,2018-02-24
o9XoHms0IEc,2016-09-17
oyM3PG4pn-M,2017-07-29
OylHBEJAe8k,2016-12-31
QyBTO3FiNDE,2017-09-02
ciMAdMdaWlQ,2018-07-28
lFPE6aBe_UI,2017-05-13
6q7FCKuGj6Q,2017-08-26
f-0TCM1Z0e8,2020-07-07
MjQjmO7vc-E,2020-06-27
lcpQBRItmk4,2017-01-23
IrtSgnd0MzU,2019-08-30
4UFKWl0by9Y,2019-10-04
gPqRzbabuPg,2017-06-30
54qd1yh_oTo,2017-02-08
DtmCg1-PDaE,2017-01-16
OzXnNSwoE1A,2021-04-25
l4pN_9BVvvw,2020-10-31
_Nu9swE5Mxk,2014-11-10
qGhk2E2Om7w,2015-05-16
JaLlvG3QHtc,2015-05-13
tQpR6nUbPrI,2013-12-07
eXMtObByLVc,2015-02-12
me3ac2xl3Tk,2014-11-28
aW41Vtj1QF4,2015-02-08
6N6UhoiEyvk,2015-05-03
M6Tr8KHnaiQ,2015-02-06
KYyOai2R7q8,2015-07-03
0g9L4sOPHFE,2015-05-19
VctaUNJpT6U,2017-02-02
5l0sR191G2Y,2017-01-05
P_7DsMJoqu8,2015-06-06
ns_UFyzI3uU,2015-12-05
VH4kbybo60Y,2013-01-20
gdtvQXwcNRQ,2016-10-06
XQZzJpRWFCY,2014-09-27
4FtpqYYn6fs,2019-01-28
9rYFGtmpEPg,2018-12-14
bzWOUQ1egtg,2019-03-15
JlfYA0xcbVw,2017-09-05
EJaBHPqdzUY,2019-04-19
ZQoW1d4sgOg,2017-10-26
xqlfQUholnE,2018-07-22
faE8KOaTaUs,2020-01-08
VCKHMwLYmxk,2019-04-20
cY8Sf6Bjz88,2020-01-01
-59jGD4WrmE,2016-06-25
kn6-c223DUU,2010-06-17
SbUBMklQSVU,2011-11-29
tDq3fNew1rU,2011-09-16
8PTDv_szmL0,2010-03-09
1mjlM_RnsVE,2009-10-02
dW2MmuA1nI4,2009-10-27
RsW66teC0BQ,2020-01-23
AQ4TW5Z8eu0,2009-10-27
bMoNV9oWs2E,2009-10-27
vqcxM7dSJtw,2016-08-30
uAANZawK970,2017-07-28
xKk655CDFn8,2018-03-04
p2FXQgtmPDw,2018-02-07
OC7oe6ciDzI,2016-09-21
v1m3d_y5D6M,2020-03-27
k-C8a-mnbJU,2019-03-01
VYbXbDri5tI,2019-03-08
cl1sGco3Y_o,2020-10-13
vHxmq53ITSk,2017-01-26
z7La7WHv4y0,2016-06-18
7Ee9u0hyz6A,2014-06-05
36HC57aCNII,2015-11-23
UUGvpa8KlLI,2014-04-08
UbxYrK9MJlk,2017-06-25
CPD12_FSFLE,2015-06-01
cuvEjTfTEUk,2017-01-01
KDzgXaIGZns,2017-06-15
NHCVO-0xIi4,2016-10-20
PqE3sGZtT1E,2018-10-12
vaUJ9FkdepY,2020-05-15
w89OHNm0Lrw,2021-03-26
L9D6ceU30W0,2018-01-19
O6RkU6cDi38,2018-09-07
F0VEwCqEFvI,2019-05-03
NDZ-ph9dCWI,2020-10-02
2PwNLK6ld3c,2018-12-07
6ydpNyjW6rA,2020-01-17
MCBGdnheA-E,2019-08-02
ZRxLJfxGWqE,2018-08-31
uH8Vat_UknY,2019-03-18
YFJYiLu7c6k,2018-11-21
AVDKocrvhlU,2019-03-04
rPUKvGd13NQ,2019-10-18
sjlZewvdGTA,2017-10-30
xby97_SSXkc,2019-09-27
IS8-r941W7I,2018-08-20
zcHDHv6-JbA,2019-07-01
i5Vuy7eMuxM,2019-06-24
WZ06dDsFa2w,2013-10-08
edvnX8TwSTI,2017-11-02
yCVOCSlzQno,2018-09-06
Vncf_9LLagc,2013-09-17
r9WsqRhbdF4,2015-11-09
HawhjjF5qFc,2013-06-14
RLHR5smxbsc,2014-12-11
7feJHXTaXPY,2019-04-25
3pfJzK1tdR0,2013-03-19
PCGydpJXIOg,2013-11-05
91fPPp_Hb68,2021-08-23
vJLXdS2tMsU,2020-09-14
9xl-xSlzwmE,2020-05-17
rFrlGf_op6I,2020-12-01
ObZYH_aeOTc,2020-08-18
ag4IdrjNxWk,2021-01-08
mP5mLtHh5U0,2019-03-27
fo34WDjHjHY,2020-10-28
9dBepLCkjZQ,2018-04-14
Lcij3jhmslU,2018-03-16
VyNJRTBPDwg,2017-05-03
LmBRirJ0HKQ,2017-06-07
jarcvqK6xuM,2017-11-02
O7WOeucd_XY,2017-05-17
GBvRhgjoxic,2019-09-04
b0dJQ0AN8-4,2021-02-27
iG0DtLf3y3o,2019-11-21
bpw1Y-KrbEE,2016-10-12
UZH2QLHK9wE,2016-09-14
w62txc-Nv5c,2017-06-29
-jSirHVQAOk,2018-04-07
a5vg_Yi42Ok,2019-04-13
Rqctpam4o0o,2019-01-05
yOjmWlPMF9g,2018-08-25
dPTglkp4Lpw,2017-04-09
MwAMiddqytE,2019-09-20
V8D-hU-d2Dk,2019-09-01
Y3JE4_c_-PI,2017-07-30
eAmn4pxIclc,2016-12-30
f-1BswuK6-8,2018-12-04
5Eqb_-j3FDA,2022-02-07
a18py61_F_w,2015-08-15
kw4tT7SCmaY,2016-08-19
ZQMn5wIoAno,2016-09-23
8367ETnagHo,2016-09-16
U_DSCLqgZCo,2015-08-29
lgm3puP3tMA,2020-05-14
zQDAi8tI-cU,2022-01-19
KHLNSxe5Y8A,2015-08-22
74cVT_tUpck,2019-10-11
Pw-0pbY9JeU,2015-05-14
eJnQBXmZ7Ek,2019-01-23
6ThQkrXHdh4,2012-08-22
UOUBW8bkjQ4,2018-07-11
hMAPyGoqQVw,2018-07-26
8mn-FFjIbo8,2018-10-05
PbP-aIe51Ek,2015-05-26
loOWKm8GW6A,2020-04-09
iE_54CU7Fxk,2015-05-26
MiPBQJq49xk,2015-05-26
nzciqaNN4I0,2021-11-19
-6h65t2MOfU,2018-10-13
r-i6XpcL1Fs,2018-02-23
5GRyr0noXrw,2018-03-16
yVBQe5mp7j0,2018-10-27
6cjRKH_bq8I,2017-02-09
2FHo1VazApg,2019-03-01
wyBimQmMZMo,2021-10-30
1iJE8Lyvvls,2021-11-12
vDtyaRoonx4,2018-03-23
NEtt7VQwoBc,2016-02-10
ZxT7kK5Gygk,2015-04-13
BkKDBD3qtqo,2015-03-20
S7uNBC6VEuA,2016-11-02
H4UFObeHFwI,2015-04-27
N6M1i0wb5tU,2015-04-21
OzYeofpdM8A,2014-11-06
10AKUYRjDPk,2015-05-08
lq5oUOKh368,2017-01-30
ymZvd-0Q_QM,2015-05-21
DWmGArQBtFI,2017-10-07
wMmy2MlH55U,2018-03-25
K-CrEi0ymMg,2016-09-14
DHD1-2P94DI,2018-10-25
g-7ZWPCWv0U,2018-02-25
O6Y3WDY1tUo,2014-04-17
9VsDP584zyQ,2017-05-26
F6PhNnlb-14,2020-04-02
zyvjscQVFv8,2017-04-18
y1r9toPQNkM,2015-04-05
a2BubdSZnXo,2016-01-10
_mySgO9rSaQ,2016-09-16
dQmcyHA2Y6o,2016-01-07
2G34ILUfSPg,2015-09-01
-h0gz8gnqmI,2016-11-22
Gjc96S3C7S4,2016-01-05
Kbsi-DKmmbQ,2017-01-17
ZAt3taVBD90,2020-01-19
8TQsO_vzm3A,2015-12-29
DUb8vNtuGT0,2015-12-08
BKvxG8B_fHU,2022-08-13
_iEka4n_kxE,2020-06-01
2ek_ad255BU,2015-07-07
5l68ztpsCvk,2020-01-29
waawDg_VbOI,2022-08-17
q60pYK9NqQQ,2019-11-01
pTbLX1XjcS4,2021-07-08
-AiTJyxwe74,2020-08-01
SBwwhYuhhcE,2019-11-11
8dVt7eE3BAo,2017-06-30
Lqu1rpYqw8Q,2014-12-04
fbmJ_mI2ywE,2021-08-12
9n1e1N0Sa9k,2017-10-04
u-o6Y_v7bGI,2018-10-10
8CfX2K4P7J8,2017-06-09
lIoMWsihRbM,2019-05-23
hHL05CUO7kk,2019-08-14
G-MgLA3gmkM,2021-07-15
y6pJJrZHBoQ,2019-12-07
ZTd8t28Tlsg,2018-10-02
m1pN_hG4Iu0,2019-10-04
wPY2AIU0HM4,2019-03-24
PLotHjc7zbo,2019-04-03
jsBr9emWHcc,2018-09-29
rjunCj8W-lg,2018-07-01
_5TtFDXiCNA,2018-10-15
ooZDAFf7nDU,2019-03-29
6amv8TRJ_pA,2018-12-18
4mmqKjwlOkE,2019-09-29
kZj2iMIdhpY,2019-01-05
33ajqMSc9qg,2017-12-05
4Q-GXVwTAgU,2019-07-19
LkcNcZikNlo,2018-08-02
xtfSxaKllHo,2018-05-15
VvNgdMoaOEc,2019-10-16
X1xdzlWBkgc,2020-10-07
NbLQo-21S9I,2019-11-10
9Us4PSoRbVQ,2018-05-25
6kUhenE-kok,2018-10-27
LeWYCYr8dzQ,2017-05-16
dn6fEyBb6Pc,2018-04-20
INdwxHDmbzI,2017-05-01
P4Qew2pxERU,2016-06-07
vXOpF3x3NQY,2017-07-16
E-ZLxKVyENw,2017-10-22
Sf0_6tkDZ6c,2017-09-03
aUpQ00O2Ov4,2016-11-04
j8t5AR8MaHQ,2016-08-29
f5Zi5tqr_gY,2018-08-13
Rs11Ar5YxuM,2020-01-31
H0SUrcuzUBo,2019-03-27
Nw1wSTJyULg,2020-03-10
ptDTh8WglcQ,2020-11-13
wZTBISXFEFM,2020-05-21
7aM0ii2zays,2019-04-16
9HM3Spwnbf8,2021-07-22
ooyk3d5Z3DI,2019-05-06
02fFdF14kuM,2020-09-12
nRDysNZdMvU,2015-12-22
Qy2n-kjjrdo,2016-06-22
23um2h4YUwU,2016-06-01
sX8GgDgjq00,2019-02-14
smGQUH5ldTA,2018-01-18
h5XzGyjEkkc,2017-11-30
afEgee6HUio,2020-08-13
xix6MPHQRa4,2019-05-13
MIQKlHSD89E,2018-03-23
bEBXQ8MkK_U,2017-09-30
r3bngwZsfMI,2021-01-13
QVgSyvzmbxw,2018-01-25
7mWd8fOG7qI,2017-08-26
dImiR3Sr8Wo,2018-08-29
LoPf32nKYb8,2016-04-27
W-RAUYomJho,2016-04-29
ybxt5dBVg5w,2019-04-16
6LD30ChPsSs,2018-10-09
epAFDEJImrU,2021-10-25
MrzkoLKpgLU,2022-09-27
-zKA7OWV-FQ,2018-04-21
cQmEPkokCdU,2018-11-04
nNyMF9E6-5Q,2019-06-15
P1m4V8DvQU0,2018-05-27
F8MxLGnZZsE,2018-09-01
a--wRSdWoRg,2017-08-27
a_qwSV-w5v0,2016-04-07
xMdYRmAzFmI,2018-07-01
xTpDV4ykJyE,2018-10-12
bjcgTA_8Ji4,2018-06-29
s_u2ocd47GY,2018-01-12
2UJwEJFtfXA,2018-06-19
qgZkIkroPaA,2013-02-08
Pqmsak62ITg,2013-04-30
gTpilGeBe_g,2015-07-14
ZvWoakWHunE,2015-05-26
soYi8opwWQk,2015-05-11
X1E0U5WcaZA,2014-07-18
wAMhHPms9eU,2021-01-06
QXUXzPjwLSo,2018-04-09
ggJMQHltiQc,2018-01-10
ZqJZyxVdLZA,2019-07-19
2zQuvi3w7hQ,2019-02-12
pmmPIarXplA,2019-04-17
C3ap6S4mAco,2018-06-14
00NVgIsRZoc,2019-09-20
6pxttHV4hn4,2018-12-07
t2jUV-ad9wQ,2017-08-02
EwDkeAGLg9E,2019-04-30
Sm2ArOlORFQ,2018-02-18
zxnrCwxv-NM,2018-01-24
fhDSx6SnW2M,2021-02-01
3GyvJaUaDSE,2018-06-01
kLr65htLbBo,2021-02-12
9XFARoTxRBY,2022-06-10
TAfZqPUQNOw,2021-10-06
S_Z8v74O3KM,2017-08-28
2MApDqphs1g,2017-09-18
UA9SRAGJ2F0,2017-11-27
r3875jSXk0s,2013-02-03
mexQhFCubl8,2012-04-09
-lo-yPo4E_k,2017-05-01
--NJ52b20Gs,2016-08-12
Y9L2_SaescU,2012-07-07
pKrs1wmrEkk,2021-02-09
upPLNYyuKHg,2014-01-14
gbMIs_0XyPg,2011-07-21
5-NUmAhUMS8,2015-06-29
sTFhxSUDOk0,2015-11-17
GP7aP67qQjQ,2014-01-31
4qGAjgUZwsk,2015-10-23
fQO2Opzvyeg,2013-09-01
2yHn8uc5_-4,2014-01-03
RPN3kDZCggI,2015-01-16
vmI2ohiU8l4,2014-09-04
EZcJEvXmjfY,2016-03-04
7IqvO5Ny8Qw,2014-03-20
dvXQW6l8TnI,2015-11-12
a1Zk1rqF-Ts,2016-10-13
QaZ93sibpk0,2019-04-11
lsFPbgK1v9I,2016-08-16
vCJ6U7mQmYw,2018-06-27
KONe4SNFA64,2018-05-03
_GFkHA5EZdE,2017-03-21
XnbCSboujF4,2016-04-19
Bk0G1f4DpCM,2019-05-08
1uJQxq6epDk,2019-07-09
948MLgRGNyU,2017-03-01
ITLAhqe1JMo,2019-05-08
bRhajMRFzQA,2011-01-04
EyJ78139Hc0,2016-11-25
5_LjIziz86o,2013-09-13
v1KGhE9Q4qQ,2018-02-07
NW7-O2fnl1Y,2016-12-14
bE3nGLfrNs8,2013-09-06
6vTy_4Uhi3I,2018-02-23
8jcUitdjbVY,2017-07-27
nJuWV5ryiu8,2018-01-30
DzH2butlRMI,2017-03-31
6iyNHMTn4FE,2019-01-02
h5SfHsdLaf8,2019-04-16
PGhoAA2f4hY,2018-05-11
lpYQADAdbvY,2020-08-27
FSoDTPzdLi4,2020-02-21
By6lygtJVg8,2018-10-01
sxa1aj2Sj8M,2019-04-03
ylUCgvBtHng,2020-02-11
BK-S0TLa8s0,2018-05-23
pzMwA6LJnHA,2018-04-21
aqbL6HtHxlY,2020-09-16
DA1M74xSyHU,2017-08-19
2o-e8VQ4KOM,2017-06-04
cqw5zB0qdGs,2021-06-08
0J21-ZpGeLI,2017-08-28
9j_PumpRkIs,2017-08-27
RWhZ1yajbrg,2017-12-09
9KQ9iM-a2mY,2017-09-27
wnh3ZoOvzRQ,2018-09-30
MxYnHcH0vuA,2017-06-06
D8ZJCLa-9Qg,2017-02-22
aGUD2VPvK_s,2017-01-21
VDnT4ZW3PMg,2017-01-05
p7vP458HiEI,2018-09-05
5xhpBx0Cwns,2017-02-19
PolXdrVz9DU,2017-06-10
1sBr23MnmfA,2017-09-09
UPTW1uBP8qg,2017-08-26
-XpypaEYTtA,2018-10-24
ZjqUGIyFL5o,2017-07-29
-7n4t0cbVD4,2020-07-09
cdk4hVPN_F0,2020-09-18
wDsU4H2w48k,2020-12-28
uVPoGMu3LQo,2019-08-30
zJODMh2cULg,2021-05-06
SsvM80bIA1k,2021-06-15
14vzeTvZe5I,2018-09-02
eEqau7Rnbmk,2021-05-17
bzkYsiKtRIw,2020-06-08
5e6JkYzYHxY,2020-07-30
WlERHmmmEm8,2018-12-13
9JPGAkIu3bU,2018-07-19
rbWKFau8G1c,2019-01-02
AJEiUsYYofE,2018-04-18
CvxL2n9DX6w,2019-08-02
9qpbOZK-kKw,2018-09-24
l-1aZHPvchc,2019-01-10
_P_qo0zVZZQ,2018-07-11
Oq0KGLfoiuE,2019-03-31
5ENId2TnPNM,2019-02-18
APKqkV1zE3M,2017-12-07
zHO6tJJ9pzM,2018-01-29
hRpBavsX5o4,2018-02-03
Yn3mUFH4dsg,2017-12-05
nYAL16557_M,2017-10-29
sCmlDVOw7xQ,2017-09-15
uECTdl27b4Y,2018-09-27
etKY77oikV0,2018-02-02
-WyPH2dIr9A,2017-07-18
gxtLzMqFzEk,2018-02-07
VqEbCxg2bNI,2017-08-18
_wE3hDN06Qg,2021-04-21
R9rVapGCf2c,2019-10-04
mG0b8IAJvts,2018-06-22
FVRPzwb1Vi4,2018-01-11
GRzIgu_n0yw,2019-04-25
SuxLrcx6MPY,2021-05-18
ZZHZLMO0xc0,2018-12-03
LJMuk01J5yw,2019-02-11
r_jcFl5TT4o,2020-06-01
ex-cr18tKDE,2018-10-10
mvWXaz0Gtbo,2017-01-31
-YzDsDMYqdw,2013-10-07
ysZP--fcgnc,2015-03-13
zt4s9vbjpeU,2019-06-28
ZIiQ1jMqhVM,2021-06-18
Z5pWz_OR5Sg,2013-06-23
5IXPnPnoYns,2016-06-20
6c0LA4Nb1vY,2019-10-10
dWpGsK8Md28,2012-07-30
6gRtWVRbfJg,2018-08-29
ookigI4Dsfw,2018-10-30
pxiGfyeCJZU,2018-06-19
aB-MgqbyDHI,2018-09-06
IrKUfT6Br0A,2019-04-21
bqMV2whnNjg,2018-04-26
CWgs97shAH0,2018-06-14
9sJNPKacIyc,2018-07-14
euR3tMdites,2019-06-04
M0wpTx6kUPE,2019-03-10
WKabYp-BmP0,2018-04-15
hYmgkpjls8E,2018-09-12
NxAgJSeVZqI,2017-12-23
qHHQLEx9258,2018-05-05
INcVx2T6jeE,2019-05-18
ArY01K_K5FA,2018-11-10
GDuRu9D1EXc,2018-03-03
ehPbCP4g8Mc,2018-07-23
u1kgsijfA3k,2018-06-23
Id7nNXiQHB8,2018-12-05
U9DyHthJ6LA,2019-01-24
YDr4ITrp7YI,2019-03-07
_sZH-psg9yE,2019-03-14
GTW8IplsKmM,2016-10-11
qxGmGGmvFD8,2021-12-09
eCEG4QyQbF4,2016-12-08
3_9v-7rtVDk,2016-04-28
FCXfezz4BB8,2019-08-15
7TN09IP5JuI,2017-10-05
nQ1mmVG-G1g,2018-04-05
ipM9SkIkwCY,2017-05-30
jWu_GqHxmWQ,2018-12-10
K3uMMjZGhnI,2017-08-04
74hZN9i2eEA,2018-01-06
ALimx-H8C6s,2019-09-26
53_HPbH64_M,2018-04-04
YDQXzY11aS0,2018-04-27
lUmYlsulfYo,2020-02-21
EdA7CNt-DsY,2017-07-28
8cJiBArztwA,2012-04-08
mPkKM95Hey4,2014-05-30
SR9s5EWoB_U,2013-08-21
q-8hnaOxOqQ,2013-07-17
vXSchotfufg,2013-09-18
K04zSUURBsc,2015-08-12
XvBwxxeZG-4,2013-06-26
vNS2mOsDQDM,2013-06-20
K4sXwfO8PDs,2015-05-27
eE0JMflvMcU,2014-08-13
Y1zJn4hnS-Q,2018-07-30
ipImCE6R9kA,2020-04-19
I67rfWKBmbI,2018-12-31
HXL5PS041yg,2018-07-16
5oCwlEyxHx8,2019-07-24
4nKF0sm4184,2018-11-05
avhJG0nUHjA,2015-08-13
dI0csiX7mks,2015-08-06
GL7Mo_B3O74,2018-12-03
3E6RWZ1ceWw,2020-01-17
