name,price,availability
Мобільний телефон Apple iPhone 15 128GB Pink (MTP13RX/A),38 499₴,Готовий до відправлення
Мобільний телефон Apple iPhone 15 Pro Max 256GB Blue Titanium (MU7A3RX/A),63 499₴,Закінчується
Мобільний телефон Apple iPhone 12 128GB Purple (MJNP3FS/A),25 499₴,Готовий до відправлення
Мобільний телефон Apple iPhone 15 Pro 256GB Blue Titanium (MTV63RX/A),58 499₴,Готовий до відправлення
Мобільний телефон Apple iPhone 15 Plus 128GB Pink (MU103RX/A),43 499₴,Готовий до відправлення
Мобільний телефон Apple iPhone 13 128GB Midnight (MLPF3HU/A),31 999₴,Готовий до відправлення
Мобільний телефон Apple iPhone 14 128GB Purple (MPV03RX/A),36 999₴,Готовий до відправлення
Мобільний телефон Apple iPhone 14 Pro Max 256GB Deep Purple (MQ9X3RX/A),57 499₴,Є в наявності
Мобільний телефон Apple iPhone 11 128GB Black (MHDH3),23 999₴,Готовий до відправлення
Мобільний телефон Apple iPhone 14 Plus 128GB Midnight (MQ4X3RX/A),37 999₴,Готовий до відправлення
Мобільний телефон Apple iPhone 15 Pro 128GB Blue Titanium (MTV03RX/A),53 499₴,Готовий до відправлення
Мобільний телефон Apple iPhone 14 Pro Max 128GB Gold (MQ9R3RX/A),52 499₴,Готовий до відправлення
Мобільний телефон Apple iPhone 14 128GB Yellow (MR3X3RX/A),36 999₴,Готовий до відправлення
Мобільний телефон Apple iPhone 14 128GB PRODUCT Red (MPVA3RX/A),36 999₴,Готовий до відправлення
Мобільний телефон Apple iPhone 14 128GB Starlight (MPUR3RX/A),36 999₴,Готовий до відправлення
Мобільний телефон Apple iPhone 14 128GB Blue (MPVN3RX/A),36 999₴,Готовий до відправлення
Мобільний телефон Apple iPhone 14 Pro 256GB Gold (MQ183RX/A),52 499₴,Готовий до відправлення
Мобільний телефон Apple iPhone 15 256GB Pink (MTP73RX/A),43 499₴,Готовий до відправлення
Мобільний телефон Apple iPhone 13 256GB Green (MNGL3HU/A),36 999₴,Готовий до відправлення
Мобільний телефон Apple iPhone 11 64GB White (MHDC3),20 999₴,Готовий до відправлення
Мобільний телефон Apple iPhone 15 Pro Max 512GB Natural Titanium (MU7E3RX/A),73 499₴,Готовий до відправлення
Мобільний телефон Apple iPhone 14 Pro Max 512GB Space Black (MQAF3RX/A),67 499₴,Готовий до відправлення
Мобільний телефон Apple iPhone 13 512GB Starlight (MLQD3HU/A),39 999₴,Готовий до відправлення
Мобільний телефон Apple iPhone 12 64GB Black (MGJ53FS/A),22 999₴,Готовий до відправлення
Мобільний телефон Apple iPhone 14 256GB Blue (MPWP3RX/A),41 999₴,Готовий до відправлення
Мобільний телефон Apple iPhone 14 Pro Max 1TB Deep Purple (MQC53RX/A),77 499₴,Готовий до відправлення
Мобільний телефон Apple iPhone 15 Plus 256GB Black (MU183RX/A),48 499₴,Готовий до відправлення
Мобільний телефон Apple iPhone 15 Pro 512GB Black Titanium (MTV73RX/A),68 499₴,Готовий до відправлення
Мобільний телефон Apple iPhone SE 128GB 2022 Starlight (MMXK3RM/A),20 999₴,Готовий до відправлення
Мобільний телефон Apple iPhone 14 Pro 1TB Gold (MQ2V3RX/A),72 499₴,Готовий до відправлення
Мобільний телефон Apple iPhone 14 512GB Purple (MPX93RX/A),43 999₴,Готовий до відправлення
Мобільний телефон Apple iPhone 14 Pro 512GB Deep Purple (MQ293RX/A),62 499₴,Готовий до відправлення
Мобільний телефон Apple iPhone 14 Plus 256GB Midnight (MQ533RX/A),42 999₴,Готовий до відправлення
Мобільний телефон Apple iPhone 14 Plus 512GB Blue (MQ5G3RX/A),48 999₴,Готовий до відправлення
Мобільний телефон Apple iPhone 15 Pro 1TB Blue Titanium (MTVG3RX/A),78 499₴,Готовий до відправлення
Мобільний телефон Apple iPhone 13 mini 512GB Blue (MLKF3HU/A),38 799₴,Готовий до відправлення
Мобільний телефон Apple iPhone 15 Pro Max 1TB White Titanium (MU7H3RX/A),83 499₴,Очікується
Мобільний телефон Apple iPhone 14 128GB Midnight (MPUF3RX/A),36 999₴,Закінчився
Мобільний телефон Apple iPhone 15 512GB Blue (MTPG3RX/A),53 499₴,Закінчився
Мобільний телефон Apple iPhone 14 Pro 128GB Silver (MQ023RX/A),47 499₴,Немає в наявності
Мобільний телефон Apple iPhone 13 mini 256GB Pink (MLK73HU/A),33 999₴,Немає в наявності
Мобільний телефон Apple iPhone 13 mini 128GB Blue (MLK43HU/A),28 999₴,Немає в наявності
Мобільний телефон Apple iPhone 15 Plus 512GB Pink (MU1J3RX/A),58 499₴,Немає в наявності
Мобільний телефон Apple iPhone 14 128GB Blue (MPVN3RX/A) Демо версія,36 999₴,Немає в наявності
