id,title,channelId
1,Film & Animation,UCBR8-60-B28hp2BmDPdntcQ
10,Music,UCBR8-60-B28hp2BmDPdntcQ
15,Pets & Animals,UCBR8-60-B28hp2BmDPdntcQ
17,Sports,UCBR8-60-B28hp2BmDPdntcQ
19,Travel & Events,UCBR8-60-B28hp2BmDPdntcQ
20,Gaming,UCBR8-60-B28hp2BmDPdntcQ
22,People & Blogs,UCBR8-60-B28hp2BmDPdntcQ
23,Comedy,UCBR8-60-B28hp2BmDPdntcQ
24,Entertainment,UCBR8-60-B28hp2BmDPdntcQ
25,News & Politics,UCBR8-60-B28hp2BmDPdntcQ
26,Howto & Style,UCBR8-60-B28hp2BmDPdntcQ
27,Education,UCBR8-60-B28hp2BmDPdntcQ
28,Science & Technology,UCBR8-60-B28hp2BmDPdntcQ
