BBAyRBTfsOU,"Apr 6, 2019"
sCbbMZ-q4-I,"Feb 17, 2021"
JFcgOboQZ08,"Jul 9, 2018"
vu5-aKf_QqA,"Dec 11, 2018"
hjWf8A0YNSE,"Jul 4, 2017"
f6vY6tYvKGA,"May 6, 2016"
dZ0fwJojhrs,"Dec 14, 2017"
yIIGQB6EMAM,"Feb 8, 2018"
NNqLB7znMLU,"Nov 24, 2018"
_KhQT-LGb-4,"Dec 6, 2018"
6Dh-RL__uN4,"Oct 5, 2018"
PHgc8Q6qTjc,"Mar 31, 2019"
MsplPPW7tFo,"Feb 10, 2016"
gRyPjRrjS34,"Jun 4, 2013"
7Vj5M0qKh8g,"Dec 18, 2016"
By_Cn5ixYLg,"Dec 27, 2018"
MkXVM6ad9nI,"Apr 6, 2014"
lxw3C5HJ2XU,"Sep 14, 2013"
DYlesHOaPkY,"Sep 10, 2019"
VGt-BZ-SxGI,"Jun 21, 2019"
0e3GPea1Tyg,"Nov 24, 2021"
zxYjTTXc-J8,"Aug 31, 2021"
r7zJ8srwwjk,"May 30, 2020"
9bqk6ZUsKyA,"Mar 27, 2021"
GLoeAJUcz38,"Nov 14, 2020"
yXWw0_UfSFg,"Mar 7, 2020"
fMfipiV_17o,"Apr 10, 2021"
QxGVgXf_LNk,"Oct 5, 2019"
F4Y3Pkn95GI,"Feb 29, 2020"
NkE0AMGzpJY,"Aug 15, 2020"
FYCCs4cpKqw,"Oct 20, 2013"
vTTs2p_SVnw,"Nov 27, 2017"
kU553MOaBdM,"Apr 10, 2012"
NlQTV2pi0Bg,"Dec 15, 2015"
ChiLWi-mBvU,"Nov 22, 2020"
TOz81KKm1us,"Nov 28, 2012"
_TT7PlX5PCQ,"Dec 20, 2013"
kt8FyEv_WNk,"Sep 19, 2019"
uBoKILQyT70,"Jun 4, 2019"
gD7qJ3TW1jw,"Nov 6, 2018"
N2-HsIYd0Go,"Jul 27, 2016"
k4yXQkG2s1E,"Jul 27, 2016"
_iktURk0X-A,"Jul 6, 2017"
Mi3GdCyzHCY,"Nov 2, 2017"
95I5VaR7GeU,"Dec 21, 2016"
hV-FwW1LgxU,"Sep 14, 2016"
j6muwUGdvXw,"Mar 21, 2019"
WibcvWT7KQQ,"Oct 28, 2015"
USccSZnS8MQ,"Feb 12, 2021"
zuaLWHiRXkg,"Apr 30, 2019"
j6zWwAoEi_w,"Mar 28, 2018"
DbXMjAYSa68,"May 30, 2021"
Fl54gG0B8I0,"Oct 27, 2017"
qvu4nPMyl3U,"Oct 2, 2020"
eRkpkveBWyo,"Jun 6, 2019"
CzvfbRbEjww,"Apr 21, 2019"
EFHeeRIDAsg,"Sep 29, 2020"
e81ad5MpfQ0,"Oct 22, 2020"
CN4fffh7gmk,"Sep 2, 2020"
jEdfjuG0Fx4,"Nov 21, 2022"
_P7S2lKif-A,"Mar 8, 2017"
8_oE-iQeFeE,"Mar 31, 2018"
-PH4S7IPQxU,"Mar 21, 2017"
EWcOY14GWwM,"May 3, 2016"
4N2iMmHcHys,"Feb 21, 2018"
1fdv0OIhzzA,"May 24, 2016"
Jy93WgiXtzo,"Aug 22, 2017"
Btyfrd-UtSw,"Sep 12, 2018"
lYxcW8jtFw0,"Dec 21, 2016"
D5CpJFbb3TM,"Feb 3, 2016"
N4rAGlcGUiQ,"Jul 31, 2017"
-lDmXk8pBNI,"Jun 10, 2016"
wSs2n5abdmg,"Aug 10, 2017"
Fh4mp3X1Djo,"Apr 19, 2014"
BIX8Dfa05lQ,"May 27, 2016"
VOZEBZKd2Pc,"Jul 22, 2015"
geaqCxhfP5A,"Aug 1, 2017"
chXKA41cec4,"Jul 4, 2016"
VJwoSfTOhyM,"Nov 21, 2017"
VRJmcxCrAOA,"Jan 22, 2018"
UeG1ftTmLAg,"Apr 3, 2017"
8IQbF0IK-f4,"Aug 28, 2017"
A2FsgKoGD04,"May 25, 2017"
UtsfUAHkyWQ,"Feb 17, 2015"
ym9E1YG3_QQ,"Dec 7, 2015"
ggR_SPwP6cw,"Jul 3, 2017"
TvNTcB6c-V8,"Jul 17, 2017"
3J6o7hcm8bE,"Jun 20, 2017"
HmwZxnQbox8,"Dec 1, 2016"
Z2xooz6844k,"Mar 24, 2017"
k1MdKI8kiXU,"Feb 12, 2016"
OjDuQ7O9XUo,"Oct 5, 2018"
zV0rK6KXfwU,"Sep 28, 2011"
K1R4hHq8yr4,"May 27, 2016"
43OVm86-4rU,"Oct 5, 2018"
IJnig4nc0xg,"Nov 20, 2018"
LxXjsQbCZR8,"Jul 29, 2015"
ALZHF5UqnU4,"Jul 2, 2016"
CY8E6N5Nzec,"Feb 9, 2018"
m7Bc3pLyij0,"Premiered Sep 24, 2018"
jzD_yyEcp0M,"Feb 16, 2018"
RE87rQkXdNw,"Aug 17, 2018"
A57B7B6w3kw,"Premiered Sep 19, 2018"
tk36ovCMsU8,"Aug 11, 2017"
2vMH8lITTCE,"Jan 9, 2017"
JePnQ1gSagc,"Nov 14, 2018"
KSNLEH9pYaE,"Dec 17, 2016"
uelHwf8o7_U,"Aug 5, 2010"
j5-yKhDd64s,"Jun 5, 2010"
YVkUvmDQ3HY,"Jun 17, 2009"
XbGs_qK2PQA,"Nov 27, 2013"
1wYNFfgrXTI,"Jun 17, 2009"
EHkozMIXZ8w,"Dec 17, 2013"
eJO5HU_7_1w,"Sep 15, 2010"
8CdcCD5V-d8,"Oct 5, 2018"
S9bCLPwzSC0,"Dec 25, 2009"
gOMhN-hfMtY,"Dec 25, 2009"
X7kzLOIsdmI,"Sep 24, 2013"
JJsqVMRSW-8,"Mar 7, 2020"
oXocwMfQgsg,"Aug 11, 2014"
Iv0-JHfsCBA,"Sep 20, 2014"
suQoo6kOXko,"May 22, 2015"
ewxFYVMRwGs,"Dec 14, 2019"
fEac-rQy_T0,"Aug 22, 2014"
aQiDh9wa304,"Jun 4, 2015"
GTELGG9APKY,"Jun 13, 2015"
T7BXGrdz63s,"Jul 22, 2022"
6qBdQzPnw4E,"Dec 9, 2009"
qfdShSZZxlg,"Jul 17, 2018"
YZLKoG_vhDY,"Aug 3, 2018"
qpIdoaaPa6U,"Jul 29, 2013"
rTuxUAuJRyY,"Nov 12, 2012"
ci-NpErqrGM,"Jan 15, 2019"
-UgrS_B53Yc,"Apr 29, 2010"
EwAxJbaUZtc,"Apr 29, 2010"
B2aHXbnu9dI,"Feb 22, 2010"
KxCjVIFxZNo,"Dec 26, 2013"
AETFvQonfV8,"May 10, 2011"
ksPEwPcFGbU,"Sep 13, 2016"
S6HFRZmZrTI,"Jun 3, 2015"
HH_a6aRO1TE,"Mar 31, 2018"
adyjwFgXRNY,"May 14, 2012"
LUx8wlA_dk8,"Mar 27, 2018"
UT_MLtd9PmY,"May 5, 2017"
HH1PXnKg2LU,"Jun 24, 2018"
nwRoHC83wx0,"Oct 18, 2012"
PlgIlN5gmQw,"Apr 14, 2014"
SD4Z8dlZPd8,"Mar 26, 2020"
gvyUuxdRdR4,"Premiered Jul 30, 2021"
AZmAgoir1Tc,"Jul 7, 2020"
8qs2dZO6wcc,"Nov 30, 2017"
bqGtrvcR5ls,"Jan 6, 2017"
i0_m90T04uw,"Aug 31, 2018"
Ci0WbaUH3no,"Dec 10, 2018"
AEIVhBS6baE,"Nov 18, 2015"
OulN7vTDq1I,"Jul 17, 2015"
xmU0s2QtaEY,"Nov 21, 2017"
qoq8B8ThgEM,"Jan 19, 2012"
SAcpESN_Fk4,"Dec 2, 2017"
Wd2B8OAotU8,"Oct 18, 2016"
qk2WMmiiVFE,"Aug 19, 2019"
C8kSrkz8Hz8,"Jan 13, 2014"
q4R2xRnN89A,"Jun 22, 2015"
zWEOx7TSM6I,"Jan 23, 2012"
oGneAab3e88,"Nov 4, 2019"
qFkNATtc3mc,"Premiered Sep 5, 2019"
F81wlI9iEpw,"Jan 11, 2018"
AKxeCKSEWDk,"Oct 23, 2017"
JF3ds27ToVc,"Jul 25, 2016"
LA8yA5t-Wjk,"Jan 4, 2016"
X-fHoTRB2j8,"Aug 1, 2019"
MAK1WPo-rdM,"Sep 19, 2018"
OVIc7_5UgXQ,"May 26, 2014"
jnzG3zi5HfU,"Mar 5, 2016"
Op1lOP2gYho,"Feb 5, 2014"
eVzUEGehuxA,"Jun 17, 2018"
kkFFq11j6dQ,"Oct 24, 2017"
KGvQRaK1mvs,"May 24, 2019"
tpLLst4-3fw,"Oct 3, 2017"
YAxLueEKqmU,"Jan 7, 2018"
ZqhwLRrszUU,"Oct 25, 2017"
EOjWDMoxf1U,"Oct 7, 2017"
OKGX7gQnxpc,"Jan 12, 2018"
iVbopWyBR5Y,"Feb 14, 2018"
FXDWtYsu1dQ,"Sep 10, 2017"
NZgf1VsbsO4,"Oct 25, 2017"
IRirqw082XI,"Dec 21, 2017"
eYfFDaPdkWc,"Dec 22, 2016"
tWs1E2BfNZE,"Dec 6, 2015"
3Zy6ai9jtgY,"Oct 23, 2017"
7l8VjJKOsiU,"Aug 3, 2017"
UmmXiN93btM,"Apr 9, 2017"
WhGnY2hTVF0,"Jun 10, 2016"
n1ezUGvosIU,"Jun 27, 2017"
yPVO8Jys_hU,"Mar 24, 2017"
HYEcQHXGa-c,"Oct 15, 2018"
IBvg3WeqP1U,"Apr 3, 2014"
kZqH9Kfv6BI,"Sep 26, 2013"
WlWlGlvN4L4,"May 16, 2014"
cYOB941gyXI,"Aug 24, 2017"
6FURuLYrR_Q,"Mar 3, 2017"
8XtXLVylOoU,"May 16, 2014"
orYf6VDtj_k,"Aug 31, 2021"
kd5KqlmcHNo,"Mar 3, 2017"
aDFEb_W2t1Y,"Nov 14, 2018"
MQM7CNoAsBI,"Sep 26, 2013"
OSUxrSe5GbI,"Oct 11, 2018"
TmKh7lAwnBI,"Premiered Oct 30, 2020"
kLpH1nSLJSs,"Feb 15, 2018"
acEOASYioGY,"May 31, 2019"
ws00k_lIQ9U,"Dec 31, 2016"
doLMt10ytHY,"Premiered Jun 4, 2021"
Cr8K88UcO0s,"Jun 1, 2022"
saGYMhApaH8,"Premiered Jun 20, 2022"
LxOTsiV4tkQ,"Oct 14, 2019"
GtSRKwDCaZM,"Mar 27, 2020"
60ItHLz5WEA,"Dec 4, 2015"
1-xGerv5FOk,"Dec 2, 2016"
wJnBTPUQS5A,"Sep 15, 2017"
2i2khp_npdE,"Jun 3, 2016"
M-P4QBt-FWw,"Jul 27, 2018"
dhYOPzcsbGM,"Premiered Mar 21, 2019"
mIxlvVlOIS0,"Dec 5, 2017"
HhjHYkPQ8F0,"Premiered Dec 27, 2019"
sJXZ9Dok7u8,"Sep 28, 2018"
6RLLOEzdxsM,"Oct 27, 2017"
jOYR3k1VhUQ,"Oct 14, 2014"
5X7WWVTrBvM,"Feb 26, 2018"
pXPHSaj8qSw,"Sep 21, 2017"
9xVp8m0fJSg,"Jul 18, 2017"
15Sjjl_24x0,"Dec 20, 2016"
YrUqw7uspKg,"Mar 17, 2017"
U65TWIP3mpQ,"Nov 7, 2017"
9ND-Kmd60t8,"Dec 9, 2017"
srl0cnKzGIw,"Apr 6, 2017"
UKrUivSEtOs,"Sep 15, 2017"
PvJIwSPte4E,"Sep 2, 2018"
CR7QizUf6Jo,"Dec 7, 2018"
b9jo4mk0VQU,"Jun 6, 2017"
IxfvjGJlrC4,"May 6, 2017"
1ppPuobqt-g,"Nov 15, 2018"
WMCKKUvwBCQ,"Jun 8, 2018"
TIfjs9qWlBM,"Mar 15, 2021"
5zqUaD1dM34,"Jan 19, 2018"
12-3ZAsO_xA,"Apr 6, 2021"
5LqeD-m7Iho,"Premiered Nov 13, 2020"
C54hxRkArHw,"Oct 10, 2017"
u5jOd1YCuiQ,"Dec 8, 2020"
BeRKkz7CgPo,"Jun 24, 2018"
slZUxsIOaME,"Dec 20, 2020"
XtWUQeJgnTk,"Aug 29, 2020"
6Df91hJ-6y4,"Jun 9, 2018"
vxXTSxjSwnM,"Jan 24, 2017"
_TyBQtr-DVw,"Mar 30, 2021"
mCjo-4B2Nuo,"May 17, 2021"
p2sKCQXCrcU,"Jul 12, 2019"
VptIzisla6Q,"Jan 27, 2020"
M51QTKXXDqs,"Oct 1, 2020"
w98kDKCHmg8,"Sep 15, 2020"
jIbkLBAroFY,"Dec 10, 2020"
RF0KDsMWF0I,"Jun 22, 2019"
N7c9gwYykUE,"Feb 16, 2020"
oshhYm7TgI8,"Jan 13, 2020"
NF3ueKSQu6I,"Jan 25, 2019"
FnyE-LEC_to,"May 13, 2020"
1do8PVX-gek,"Mar 28, 2020"
rcnEloBsqMo,"Premiered Oct 31, 2018"
TaQj43Lf3tw,"Sep 19, 2020"
SqbUUoRbH6U,"Premiered Sep 19, 2020"
-1rQp8jxTbQ,"Dec 25, 2017"
ILoaJUYC3ZM,"Premiered Jul 3, 2020"
n8JF_VfbSFA,"Premiered Jun 8, 2019"
2iKIeaiSr_c,"Premiered Oct 31, 2019"
N_72e1nVUGI,"Premiered Jun 22, 2020"
JVhUOaqrAJQ,"Premiered May 7, 2021"
MUSdiImX2M0,"Oct 15, 2021"
oM9fUlGET-w,"Jan 24, 2015"
IAzaBQ1TNPw,"Apr 29, 2015"
JJKfTZg5IUo,"Sep 21, 2012"
9ocAWu_yNb4,"Jul 23, 2013"
lZv2N3Mj4yg,"Mar 28, 2014"
IIgBKuEXGfk,"Dec 15, 2015"
DSBk1aPZwiY,"Dec 10, 2017"
EYGDnIwro9Y,"Sep 6, 2018"
8JRtswFSC1U,"May 1, 2014"
gxrBOdeO9bE,"May 27, 2017"
ndsaoMFz9J4,"Oct 15, 2015"
MujRLvZ61jE,"Mar 23, 2016"
I4Q3YDezqcM,"Mar 7, 2018"
iOztnsBPrAA,"Aug 12, 2014"
Zz8MCVJb0_k,"Sep 29, 2014"
60wLvPWXCCc,"Nov 11, 2014"
JlwCE7UHi88,"Aug 21, 2015"
N9K2p54k9GA,"Nov 16, 2015"
GlZtlTon7_I,"Oct 7, 2016"
YT1NhLTwwEg,"Aug 14, 2014"
t-NDqHTu8Ao,"Dec 30, 2015"
oSGoQJMoTRs,"Dec 3, 2018"
BQyxsrZ9GBc,"Aug 3, 2016"
hPtGuOX-WDs,"May 19, 2017"
aiGkROO3Wv8,"Nov 20, 2016"
nEcubCeD36I,"Sep 2, 2014"
b_E0AT03TYQ,"Nov 18, 2014"
IlVQz85ktdQ,"Oct 5, 2017"
JDGBDXOiEhQ,"Jun 28, 2016"
vS-B4CXPuPg,"Aug 19, 2019"
RKioDWlajvo,"Aug 13, 2019"
PjTU0DmBWiU,"Jun 13, 2018"
VO7Vu207-e8,"Dec 26, 2018"
5RZws-BEl4s,"Jan 26, 2017"
AjLnRjx7rgM,"Aug 26, 2018"
yFFL1we4j_Y,"Feb 26, 2018"
yW10irX4BDI,"Mar 26, 2019"
gY0et3otYbc,"Nov 9, 2020"
HG96KYzCnbY,"Sep 13, 2018"
b1c6i0VT7ak,"Sep 13, 2020"
K4DyBUG242c,"Jul 9, 2015"
3nQNiWdeH2Q,"Jun 9, 2015"
J2X5mJ3HDYE,"May 14, 2015"
jK2aIUmmdP4,"Nov 13, 2013"
yJg-Y5byMMw,"Dec 15, 2016"
p7ZsBPK656s,"May 1, 2013"
TW9d8vYrVFQ,"Jan 2, 2017"
__CRWE-L45k,"Nov 27, 2014"
zyXmsVwZqX4,"Jun 13, 2015"
S19UcWdOA-I,"Dec 27, 2017"
gx-9S5T_U5g,"Jun 13, 2015"
0lvJYVOgbG4,"Mar 2, 2019"
QtldQK3QgS4,"Feb 29, 2020"
0zx_Bb9xxCk,"Aug 27, 2019"
6l62nhY-B20,"Feb 1, 2019"
rBYBX3UD1zg,"Jan 23, 2021"
tlR98APSmXw,"Mar 19, 2021"
zms7jmKsjqw,"May 25, 2019"
Rl2AwidIKjs,"Aug 29, 2019"
rg7d8izguKE,"Mar 27, 2020"
YpkJO_GrCo0,"Feb 21, 2018"
hzTg4zPBtDU,"Dec 17, 2016"
L7lHiqc8-O8,"Sep 8, 2020"
Kd57YHWqrsI,"May 31, 2017"
E8rpY2FwKkY,"Nov 13, 2013"
ioWkx6WRH2I,"Feb 6, 2012"
jH0mjd8zELM,"Jun 5, 2017"
ZFybffBA8Oc,"Nov 19, 2015"
acSBIXBFsOo,"Feb 29, 2020"
Ccj5-FhBHlo,"Sep 11, 2017"
WVYSlC3dhWg,"Jan 15, 2016"
Ffkf3tosmKw,"Sep 22, 2014"
lgv1fie-JG0,"Jul 7, 2015"
jer_oZQELno,"Sep 20, 2015"
XJ7_q7Z5Qaw,"Nov 4, 2015"
5RRIQvViQw0,"Apr 12, 2014"
WsdqhzaH7qU,"Aug 31, 2014"
3uFzApUxV5k,"Mar 4, 2013"
N3wHgadR3Y8,"Sep 3, 2017"
tYw-9ql4rg0,"Dec 11, 2015"
WTC9VFL27zc,"Sep 18, 2019"
1fhepBQkyrU,"Oct 9, 2020"
7zil8ffrSyo,"Apr 12, 2018"
7C2R58qTXsk,"Apr 23, 2018"
8UgFbTsyD_o,"Nov 4, 2017"
NMKC05AnrHc,"Feb 26, 2018"
SiR2xKxBy00,"Jul 3, 2019"
DUx1tJTNrno,"Jan 21, 2018"
9Edyj0UZl88,"Jan 25, 2018"
J9IFKrYkdJ4,"May 15, 2018"
pSudEWBAYRE,"Dec 13, 2018"
KSH-FVVtTf0,"Jun 8, 2016"
J_CFBjAyPWE,"Jan 29, 2018"
uR8Mrt1IpXg,"Dec 23, 2019"
IdssuxDdqKk,"Jul 18, 2017"
yWfsla_Uh80,"Mar 31, 2015"
U7mPqycQ0tQ,"Jun 8, 2009"
I3dezFzsNss,"Jul 31, 2013"
6pA_Tou-DPI,"Oct 18, 2011"
tyrVtwE8Gv0,"Oct 12, 2020"
snWivFL9zMg,"Oct 13, 2012"
DEdPFepZPb4,"Dec 3, 2016"
nNhv8A_rJTg,"Nov 19, 2016"
sWqjZpBtcxc,"Jul 7, 2016"
BZfo4Wve1f8,"Apr 7, 2017"
RX3Xenjc-GE,"Apr 13, 2019"
cBGDDBHN22U,"Aug 12, 2013"
zNDIZ7ujgFE,"Nov 23, 2016"
rSISZY_4ibk,"May 24, 2017"
w2JPMsqI1jk,"Aug 7, 2012"
snWivFL9zMg,"Oct 13, 2012"
DEdPFepZPb4,"Dec 3, 2016"
nNhv8A_rJTg,"Nov 19, 2016"
sWqjZpBtcxc,"Jul 7, 2016"
BZfo4Wve1f8,"Apr 7, 2017"
RX3Xenjc-GE,"Apr 13, 2019"
cBGDDBHN22U,"Aug 12, 2013"
zNDIZ7ujgFE,"Nov 23, 2016"
rSISZY_4ibk,"May 24, 2017"
w2JPMsqI1jk,"Aug 7, 2012"
snWivFL9zMg,"Oct 13, 2012"
DEdPFepZPb4,"Dec 3, 2016"
nNhv8A_rJTg,"Nov 19, 2016"
sWqjZpBtcxc,"Jul 7, 2016"
BZfo4Wve1f8,"Apr 7, 2017"
RX3Xenjc-GE,"Apr 13, 2019"
cBGDDBHN22U,"Aug 12, 2013"
zNDIZ7ujgFE,"Nov 23, 2016"
rSISZY_4ibk,"May 24, 2017"
w2JPMsqI1jk,"Aug 7, 2012"
snWivFL9zMg,"Oct 13, 2012"
DEdPFepZPb4,"Dec 3, 2016"
nNhv8A_rJTg,"Nov 19, 2016"
sWqjZpBtcxc,"Jul 7, 2016"
BZfo4Wve1f8,"Apr 7, 2017"
RX3Xenjc-GE,"Apr 13, 2019"
cBGDDBHN22U,"Aug 12, 2013"
zNDIZ7ujgFE,"Nov 23, 2016"
rSISZY_4ibk,"May 24, 2017"
w2JPMsqI1jk,"Aug 7, 2012"
hlxRiZ7UVdU,"Oct 29, 2017"
ZpU_3Jo9-ZA,"Apr 23, 2017"
srNlQ9adYOg,"Jun 1, 2017"
wE6JZ2QluBA,"Jan 25, 2018"
4gxQmtRoXfU,"Feb 19, 2018"
5tLZkjVL6vA,"Jan 17, 2019"
e9lHJ2KYoEw,"Jan 29, 2019"
bjYA_xzJrn4,"Jun 25, 2019"
amljvBxQKzE,"Mar 14, 2019"
9khMBRL8S0w,"Jun 11, 2017"
s8XIgR5OGJc,"Mar 8, 2016"
knfrxj0T5NY,"May 13, 2014"
T7K0pZ9tGi4,"Dec 21, 2016"
pVLmZMjxfjw,"Sep 25, 2014"
ntLop32pYd0,"Nov 6, 2014"
0t2tjNqGyJI,"Feb 22, 2016"
mKzLoZFz8PE,"Apr 10, 2016"
DArzZ3RvejU,"Jul 16, 2015"
5hEh9LiSzow,"Dec 18, 2014"
vZv9-TWdBJM,"Oct 20, 2014"
79DijItQXMM,"Nov 28, 2016"
cPAbx5kgCJo,"Dec 12, 2016"
93lrosBEW-Q,"Dec 20, 2016"
gIOyB9ZXn8s,"Dec 4, 2019"
bvWRMAU6V-c,"Dec 29, 2021"
nrZxwPwmgrw,"Mar 27, 2020"
zGlLe1w3DJM,"Jul 24, 2015"
r9o1QS-itsU,"Aug 3, 2019"
i8pK6qmtllU,"Aug 3, 2019"
GibiNy4d4gc,"Sep 25, 2014"
nFjVlf2r9_Q,"Jun 9, 2021"
ylW9gdva7Oo,"Mar 8, 2019"
PO6nynliE0Q,"Aug 13, 2021"
yehE83hDQcA,"Mar 18, 2020"
Jh_VKJAEnUY,"Premiered Feb 10, 2022"
lVfVrqu1G0U,"Feb 23, 2021"
8mYeTuzBQr4,"Premiered Mar 30, 2021"
2zVujkj8pBg,"Jul 22, 2014"
MKkCp0lxuRI,"Sep 8, 2017"
H2BTCPW3Hw8,"Jan 25, 2017"
gCYcHz2k5x0,"Jun 17, 2013"
9vMh9f41pqE,"Apr 22, 2014"
p-Z3YrHJ1sU,"Aug 31, 2009"
0EWbonj7f18,"Aug 19, 2013"
JVpTp8IHdEg,"Oct 21, 2016"
dzHdo4yxidc,"Aug 25, 2014"
Dr1nN__-2Po,"Mar 18, 2015"
KnL2RJZTdA4,"Nov 19, 2013"
OORoOGY8D2M,"Feb 19, 2016"
y5U-I5wk1uo,"Oct 31, 2017"
T9IIVOGg0s0,"Oct 22, 2016"
ZmBYXZZcKgA,"Jul 10, 2015"
OeWxxTLdRBw,"Jul 11, 2015"
PMYbePN0M-M,"Dec 22, 2015"
U-yv7ds8SR4,"Feb 16, 2017"
OiUZiqBrHSI,"Nov 17, 2016"
Y-fPhd9sVqw,"Sep 20, 2016"
Haaq5Lt1KCg,"Mar 3, 2018"
XmoyHqa9zIo,"Apr 15, 2018"
_7vA9EwPxHU,"Apr 27, 2017"
BJPc49z57bU,"Jul 22, 2016"
bqNzbkIHYF8,"May 5, 2015"
xqf7SfJUepE,"Jan 20, 2015"
Uil9bh8kJgg,"Oct 13, 2015"
c3wKkZULCHg,"Mar 1, 2015"
AtwgGc-An6U,"Apr 19, 2018"
kD8f0ixy4u4,"Dec 13, 2014"
zNV2TOF2PC0,"Oct 29, 2015"
zlGEsR1DQPw,"Nov 13, 2015"
jBZRZ9--rUs,"Dec 14, 2015"
GiVxUKbIy0w,"Dec 31, 2020"
c4JD7rEtIj8,"May 9, 2016"
B7t35oWkAQg,"May 24, 2020"
nbU9fQFi5fY,"Dec 26, 2021"
87BEjrZ2k4A,"Feb 5, 2021"
tnBjbnlTWKs,"Jan 2, 2022"
l8atgilfuq4,"Apr 16, 2017"
QbrJr-dijHw,"Jun 13, 2017"
itPCFwSnc8w,"Dec 1, 2020"
MF-q-TrNQss,"Jan 19, 2019"
FzG4uDgje3M,"Apr 5, 2018"
jGflUbPQfW8,"Apr 8, 2015"
cedoBlUvBlI,"Mar 7, 2016"
rQ7tMWOCQlM,"Apr 12, 2016"
Ct6BUPvE2sM,"Nov 2, 2016"
i1Jp-V4jalI,"Nov 6, 2014"
j3CaHeakZF4,"Apr 30, 2015"
R6QXxQBO-50,"Premiered Jul 19, 2019"
1W5BA0lDVLM,"Apr 20, 2018"
E2tMV96xULk,"Mar 9, 2009"
ghW6CFyuJOU,"Oct 1, 2016"
4C90K2O1JBw,"Apr 21, 2017"
zhCvJnn_W1w,"Apr 2, 2020"
QRVmyantf80,"May 2, 2017"
sZsCeovtUzg,"Dec 26, 2017"
67ugHhk5gQc,"Feb 26, 2016"
aNTyP7UItyU,"Nov 16, 2017"
j2uWa9OQ_18,"Feb 23, 2022"
rVHhtJJ3oBI,"Mar 9, 2017"
RgKAFK5djSk,"Apr 7, 2015"
Wa5B22KAkEk,"Nov 28, 2011"
nWAGLkyxQG0,"Jan 7, 2011"
UX6K7waag5Q,"Apr 14, 2014"
UePtoxDhJSw,"Oct 11, 2010"
UhQz-0QVmQ0,"Mar 5, 2011"
hmP7TYtDVUU,"Jan 28, 2011"
TWHNr0BrNgo,"May 24, 2012"
KuVAeTHqijk,"Aug 10, 2011"
D_VRSFpUcp0,"Feb 16, 2015"
6PBc5hi65AQ,"May 15, 2015"
T_vGAPvjOc8,"Jun 21, 2014"
ydpW77Jke4g,"Jun 27, 2015"
L1a2Y7FjLZY,"Jan 24, 2015"
GG90TQUd7Ac,"Oct 3, 2015"
zKk_FIfOIyY,"Apr 7, 2017"
iZ6s4C1Bs4A,"Nov 15, 2014"
MkoIM2y8Opc,"Apr 12, 2014"
oDXdej2J_tQ,"Oct 17, 2015"
cIWl7Hv_DS8,"Apr 26, 2014"
2mDCVzruYzQ,"Feb 25, 2020"
wFAj0pW6xX0,"Oct 26, 2019"
h9Am4CYaLng,"Feb 28, 2021"
YFfEFbC9_XQ,"Sep 23, 2017"
u_wB6byrl5k,"Jan 7, 2022"
F5X694sak5U,"Aug 22, 2017"
M-954V9LORI,"Feb 17, 2022"
Thf60JU8E98,"Sep 28, 2019"
mrqgz4_a4PU,"Mar 2, 2020"
OCg6BWlAXSw,"Premiered Feb 16, 2020"
Bbadat0Q0Ds,"Jul 27, 2017"
24001CxO1IY,"Jan 4, 2018"
Hd6QgsXB7Y0,"Aug 22, 2017"
WVmtNtyG1IA,"Jun 4, 2017"
IQ34jeVFCEU,"Jul 5, 2018"
EEqZRzg6M74,"Jun 28, 2019"
NcnybUWNMq4,"Jul 2, 2017"
qsSTusSc3Is,"Jun 8, 2017"
VdS-PZIDSlM,"May 7, 2017"
7Kwf9t9H4wc,"May 23, 2017"
z5WrgDzNIZ0,"Apr 15, 2018"
LJjsm6CVsG8,"Mar 4, 2018"
yz7Cn3pHibo,"Dec 3, 2017"
Fp0BScQSSvg,"Sep 3, 2018"
AsfVZqZhtUQ,"Sep 18, 2017"
fyyn-dFALfI,"Jan 8, 2018"
UC6USOV4ewc,"May 27, 2018"
VwEzECCjhhE,"Jan 15, 2018"
02fRdleMSaA,"Jan 14, 2018"
qu0CxX8GJj8,"May 15, 2018"
3bTER3G6YlI,"Jul 29, 2017"
__W14LIzDqM,"Nov 16, 2017"
Z_69YndI2Bo,"Aug 4, 2017"
BfX2qAMp5ac,"Apr 7, 2017"
Yjnmw0qlAEA,"Jul 16, 2017"
Df5X2ir-gRg,"Apr 22, 2017"
d5EeIXavSJs,"Nov 15, 2016"
EDxFf1__86A,"Apr 30, 2018"
98JAUcU9bmM,"Apr 14, 2018"
3Cp6jr848To,"Aug 6, 2019"
tDqxrZf-roo,"Mar 28, 2020"
nUb-3l55Ric,"May 9, 2017"
uU95jBsmKQI,"Premiered Feb 20, 2021"
27Oo9jr4pSY,"Dec 13, 2015"
t3NqNg2UnWQ,"Jul 16, 2016"
U4nrws43QR0,"Feb 21, 2021"
EGgGgxgeEmU,"Dec 20, 2017"
e8pZtmvJOpQ,"Jun 4, 2019"
iDNjF2-Ku8k,"Sep 9, 2020"
8XKEZC7vwRw,"Aug 7, 2019"
2uJE48aKVNo,"May 3, 2008"
12PWq22E9CQ,"Oct 26, 2012"
mO1QBTG6EXs,"Nov 18, 2011"
mtODX-055g8,"Jan 20, 2012"
e1h5TzdTq0o,"Apr 22, 2011"
XJ87Lsx40PI,"May 4, 2012"
-MtBaFKa_F4,"Nov 19, 2010"
Gqx0u-0zG8c,"Nov 11, 2011"
wyx-mmq87Mg,"Mar 23, 2012"
cL_G31YDIZY,"May 18, 2012"
c7IYpLO44hc,"Jul 11, 2021"
zEs4_Q0KGMQ,"Mar 29, 2020"
FZD008aLZXI,"Jan 12, 2019"
tNz9Mgz1gyk,"Oct 11, 2019"
ZvfS90-8DRA,"May 16, 2022"
qjhhxG2gYqk,"Mar 17, 2021"
yRQBS2hhDJw,"Apr 12, 2021"
pTePZ65GYwE,"May 20, 2020"
1xvN9jyJHSM,"Mar 6, 2018"
3Wfx-WOgsRA,"Mar 17, 2020"
Se1y2R5QRKU,"Jul 10, 2013"
58kDMw779xc,"Dec 12, 2013"
wESuMyTv8sQ,"Jun 12, 2014"
f4NOJ42-BKM,"Sep 8, 2013"
yLVSN9Q3toc,"Nov 23, 2013"
2K-yl1sl1ag,"Apr 26, 2013"
iXjc8qklxks,"Oct 6, 2013"
be7nHzijyGE,"Mar 14, 2013"
lytzFvAfRRk,"Dec 15, 2013"
JRfuAukYTKg,"Dec 21, 2011"
uO59tfQ2TbA,"May 19, 2015"
5dbEhBKGOtY,"Apr 23, 2013"
oC-GflRB0y4,"Apr 10, 2014"
ft4jcPSLJfY,"Nov 20, 2018"
3x2ABSAMVno,"Feb 28, 2014"
PVzljDmoPVs,"Sep 28, 2012"
RqcjBLMaWCg,"Jun 9, 2017"
NUVCQXMUVnI,"Feb 8, 2010"
jUe8uoKdHao,"Oct 14, 2011"
Juyodtul_7s,"Mar 27, 2023"
vVi3DxXzwhU,"Mar 27, 2023"
ZF5iGQbJqQw,"Mar 24, 2023"
fJSJgTiN2o4,"Mar 23, 2023"
gk-ciEQSQUM,"Mar 23, 2023"
oLtnNw0KT78,"Mar 23, 2023"
IG51vmcDqns,"Mar 23, 2023"
6Rzu8swl0cg,"Mar 22, 2023"
EshcItJCT5k,"Mar 22, 2023"
kWpoMIpuBTE,"Mar 22, 2023"
nw3mHjzMMwY,"May 12, 2020"
WOaPSO6y6WE,"Jul 23, 2019"
MX_UZ3ONUw0,"Aug 14, 2019"
yrG_eiBsjsg,"Sep 28, 2018"
J5hSZlRcrSw,"Aug 13, 2019"
q3c_6XZAhqk,"Nov 26, 2018"
13d9Anx5k7I,"Oct 11, 2019"
UUpye1fHEPk,"Jun 9, 2021"
0REu8W86T3I,"May 20, 2016"
jy3zNvpnKow,"Jan 17, 2020"
uFvtCUzfyL4,"May 18, 2019"
hthcWCOxyUs,"Dec 18, 2018"
4orZekvjmo8,"Dec 18, 2020"
yDKWmNpw7gE,"Jan 18, 2019"
3uk6rKXbG1M,"Oct 9, 2018"
zRXcOZFgMfY,"Oct 30, 2020"
sW_1fB9AwE0,"Aug 28, 2018"
J5wqeUewAXk,"Mar 20, 2020"
tuhY_L9mKic,"May 22, 2018"
G1mPnQM5hQ0,"Aug 21, 2020"
jwerp2SNiTQ,"Jan 31, 2018"
2fs3DGhhgXg,"Feb 27, 2020"
7m5_lhxTtuY,"Apr 10, 2018"
4SL8XgDkaX8,"Jan 15, 2020"
JG-gWnlA8cU,"Apr 23, 2018"
j5XGs4DA5KE,"May 5, 2018"
4NamVtr0e80,"Feb 20, 2018"
cq3iYRr2q3U,"Apr 24, 2020"
7M9yodrg5pI,"Apr 11, 2018"
P4hk1jPRSrM,"Mar 16, 2018"
YykjpeuMNEk,"Jan 29, 2016"
1G4isv_Fylg,"Oct 19, 2011"
QtXby3twMmI,"Nov 29, 2015"
RB-RcX5DS5A,"May 27, 2011"
yKNxeF4KMsY,"May 30, 2011"
dvgZkm1xWPE,"Aug 4, 2008"
VPRjCeoBqrI,"Jun 19, 2014"
k4V3Mo61fJM,"May 30, 2011"
d020hcWA_Wg,"May 27, 2011"
1Uw6ZkbsAH8,"Jun 3, 2012"
q2tskEf_D7E,"Dec 9, 2016"
yDUZQSTjDzY,"Jun 24, 2016"
oljPPwYTTgs,"Nov 20, 2019"
ULIcDmXu7cw,"Aug 19, 2019"
aIcLpsqnVZM,"Apr 18, 2019"
PFkxd47VF2c,"Oct 30, 2019"
S0IB30LOpmc,"Feb 5, 2016"
rPpk5GPnZas,"Feb 11, 2016"
qXznd3rg5ko,"Nov 20, 2019"
9CGcqTZMvTg,"Feb 6, 2020"
MUs0GPl9FHg,"Feb 2, 2019"
vvrHHyzjkYU,"Feb 7, 2019"
bILo4aTnsbM,"Jun 16, 2018"
3nkMtNvm13Y,"Nov 7, 2018"
N9mUohifweM,"Jun 20, 2018"
AsPXRVOspoM,"Dec 29, 2018"
orFV2QKSgQg,"Dec 22, 2018"
vAp_N8sVbhI,"Dec 8, 2019"
KYZwPVexBQs,"Jan 15, 2020"
J_m6FAThjVM,"Jan 6, 2020"
_I_D_8Z4sJE,"Mar 2, 2018"
kkx-7fsiWgg,"Jan 15, 2016"
YG2p6XBuSKA,"Jan 16, 2017"
hXI8RQYC36Q,"Mar 23, 2015"
OxxggwHFj7M,"Jul 3, 2014"
aA_kuFTV-P8,"Mar 22, 2019"
uU_FFtbCcLc,"Jan 17, 2015"
mcGBVy3-W4s,"Jul 28, 2017"
s2b-bB1MnXg,"Feb 3, 2015"
cpLZeSigNvY,"Jun 21, 2014"
LHAnmQlFeKg,"Sep 26, 2018"
a2TPeQ0ZQew,"Dec 31, 2017"
xaSbGj-yLT8,"Dec 13, 2018"
KMgqMOgdJRQ,"Sep 4, 2015"
UGGQqQUUmPU,"Jan 24, 2015"
Nhc9aQ5fSBo,"Aug 6, 2019"
wWxIa0jwgic,"Oct 5, 2017"
2cbRL3lrNHA,"Oct 1, 2019"
7MKnYNg-o7s,"Dec 16, 2018"
7swbGxovgB8,"Dec 22, 2018"
Mt7oS8Yq8YY,"Nov 30, 2018"
_LCcWq5w6cw,"Jan 30, 2018"
SJgxFoJvOZE,"Feb 9, 2019"
5qkTFvxacDU,"Mar 7, 2020"
lJ6WYouIRbU,"Mar 28, 2020"
6Ya4orn-jBM,"Feb 15, 2015"
w0RQA9TqX1o,"Feb 1, 2016"
DsTSNq1rx3w,"Nov 7, 2018"
IkN0x4A6kSg,"Jan 15, 2020"
H3D-fkGBMvY,"Dec 21, 2018"
H7luIj_k1tY,"Feb 10, 2020"
-jjqAxE-cdQ,"Feb 17, 2020"
_fSx8CopDNo,"Dec 14, 2018"
QP15CevtOFw,"Jan 8, 2021"
XtBiaCM0jGs,"Nov 10, 2020"
soiXpGzDI-Q,"Jul 23, 2018"
KAvjVk8sC2I,"Jul 20, 2018"
U22ulEHLRPo,"Oct 10, 2019"
aevoXmWqwCk,"Sep 9, 2021"
P48G3GT1-e8,"Dec 31, 2017"
hd5b02GXqvQ,"Dec 14, 2017"
qK96CQddrag,"Dec 9, 2019"
zDm6USZHJHU,"Oct 20, 2019"
kBPiOu4sQuU,"Nov 8, 2018"
X4A1577KJeM,"Oct 21, 2020"
mr4AKz7XntI,"Mar 1, 2017"
uWDtSfRz7hM,"Jun 23, 2016"
_J9xujBI20s,"Apr 6, 2019"
bkbsZo7l8pY,"Dec 2, 2018"
vYeEZVbgtyY,"Jan 11, 2018"
GYpzzbVRrsk,"Jan 29, 2015"
CKDwsFbq1_c,"Jan 23, 2013"
zCLZL-RV1tY,"Jul 11, 2016"
qSvheEoBr4A,"Jan 30, 2019"
cEeUFE6tRmQ,"May 16, 2012"
xjvRvSV8yEM,"Jan 31, 2018"
9Ic6PWwTU8g,"Premiered Jun 5, 2019"
2dSGCzeuPlA,"Dec 24, 2014"
c91bNchSC5Q,"Feb 26, 2016"
WlY25SbEHFo,"Oct 28, 2012"
8WWv5_k8D14,"Sep 12, 2019"
S-ezhTXPVGU,"Oct 21, 2018"
Q-GOFPM01d0,"Feb 21, 2017"
v6eMKfr8qEY,"Apr 1, 2021"
mPhboJR0Llc,"Dec 5, 2019"
n92qIk6nU84,"Feb 12, 2018"
FVPdfPhXmR0,"Sep 6, 2017"
nzhKAEYRHww,"May 16, 2019"
bZxtKxiA2qo,"Aug 21, 2019"
Eh2IMZ5Na7o,"Aug 5, 2018"
bX3S-_jUauc,"Jan 29, 2018"
aSjflT_J0Xo,"Nov 5, 2018"
NPpELzyP4rw,"Apr 4, 2019"
1GS7wxWPaxc,"May 15, 2019"
aV3l_X54bhc,"Jul 23, 2018"
3GLPjp_A1tE,"May 8, 2018"
bIVIEZNsa_I,"Dec 4, 2017"
Bd9R1pFlOhQ,"Jun 28, 2019"
Ox9DGt6ednU,"Feb 13, 2019"
U28pYrR8TI0,"Aug 15, 2017"
Bsi_7VeP8u0,"Oct 26, 2018"
sINQRbbxToo,"Jun 5, 2019"
yHdIcqI7wG4,"Nov 2, 2018"
CZJvBfoHDk0,"Jun 9, 2021"
EiV3XW5J1ao,"Apr 4, 2019"
YrRs4acFOv0,"Jun 19, 2019"
69A5LIBwXt4,"Jun 23, 2019"
P4JIcaRBeNw,"Jul 27, 2018"
8e0z3-iZ_TY,"May 30, 2018"
j_V6PTcCQCc,"Jun 16, 2021"
sIgKf7aa8TI,"Jul 3, 2020"
I5fmNdnPjpM,"Premiered Jan 27, 2020"
QukFByUTcyg,"Jan 10, 2015"
sx9V8mNwiig,"Aug 6, 2021"
N2e1NbWQkZU,"Oct 5, 2019"
2BvAMRpKzJI,"Aug 3, 2018"
LtkKiU0gGzc,"Jul 18, 2019"
wcIT6LInnSk,"May 6, 2018"
1_neEtThSBk,"Dec 22, 2020"
r7Q_MStHLNU,"Jul 7, 2019"
1lFk1LSsI_c,"Feb 8, 2019"
k04ErjFQO-c,"Premiered Jun 23, 2019"
uoGCXFuDiQo,"Aug 4, 2019"
LXXkiUKDK4w,"Sep 26, 2014"
ihEuz9mr0xE,"Aug 18, 2019"
s6z-JwK-tTA,"Dec 16, 2019"
ftzzbqlySJ4,"Apr 7, 2019"
xlaStrxzW_U,"Premiered Jul 7, 2019"
4jtbe0I1e1c,"Nov 5, 2021"
FE435iFT6jw,"Aug 29, 2018"
H_bw72GdvtM,"Premiered Jun 8, 2019"
JFzkconHj4w,"Jan 23, 2019"
MbbSAPp1QyY,"May 25, 2017"
5ESwKFpBO4Y,"Jan 15, 2020"
_T9yKxqjoxU,"Feb 14, 2019"
wkIlG6uDANU,"Premiered Oct 4, 2022"
mrKRmApg3I0,"Premiered Mar 6, 2020"
wWeGK9v14e4,"Oct 30, 2018"
oizAOqrKXsA,"Premiered Aug 31, 2022"
appvnuqwvKg,"Premiered Jun 4, 2019"
mUhfScvRzBA,"Jul 28, 2021"
EVxd-UgbYzU,"Jul 1, 2021"
8Pga3brliIw,"Aug 5, 2021"
99jtPIrzfN4,"Jan 3, 2021"
-cecCEyubcE,"May 6, 2019"
UNLfoGw7q5E,"Apr 29, 2021"
Tle9otiF6Ak,"Oct 28, 2021"
zD2N-g0OSRM,"May 4, 2021"
FnabXXBibYk,"Mar 20, 2019"
5WZTNKVM9tU,"Jun 10, 2021"
_yDm51-lR2I,"Jan 8, 2018"
z4L2E6_Gmkk,"Dec 14, 2018"
h4CyhQqAPpk,"Jul 6, 2019"
h0IPcqF2q9U,"Jun 8, 2019"
sv3TXMSv6Lw,"Jul 15, 2018"
rEdl2Uetpvo,"Apr 29, 2018"
rFAddL8g8mw,"Jun 2, 2018"
o2RGudbzHLw,"Oct 12, 2018"
X5oD_thIk3c,"Oct 1, 2017"
IFe6ag34eMg,"Sep 21, 2018"
6eHCKU1ZWgI,"Sep 8, 2018"
Tm-uAFGOAm8,"May 6, 2017"
sKFL0JmIxe8,"Apr 13, 2017"
bNj7sf3zjhE,"Aug 25, 2018"
Ez1u9auDNqQ,"Jan 20, 2017"
7vjGtjsHcbk,"Apr 7, 2018"
0-7XfrbI380,"Sep 26, 2015"
dJGJQ2MghnU,"Aug 19, 2017"
ozXrqdW20k4,"Jul 27, 2017"
HuHz24j816A,"Nov 7, 2020"
WHIF8EHyVmA,"Jul 20, 2018"
idQlM5In5Xg,"Feb 16, 2019"
L9Ela893TZM,"Jul 6, 2017"
rbc4WpEIYEQ,"Nov 6, 2018"
imd8ud9zIHE,"Apr 21, 2019"
RwcgrRbVExU,"Dec 16, 2018"
37scpcE40yE,"Apr 30, 2017"
U6xm9cSFDcI,"Apr 29, 2018"
8v9XHTPf5cg,"Jul 22, 2017"
ljyKiLhAJhE,"Dec 30, 2022"
3AtDnEC4zak,"Aug 2, 2016"
nfs8NYg7yQM,"Apr 24, 2017"
BxuY9FET9Y4,"Sep 15, 2015"
igNVdlXhKcI,"Apr 1, 2015"
CwfoyVa980U,"Oct 19, 2017"
a7GITgqwDVg,"Premiered Jun 24, 2022"
i_yLpCLMaKk,"Jul 19, 2016"
WFsAon_TWPQ,"Premiered Jan 20, 2022"
TBXQu8ORnBQ,"Nov 2, 2016"
TdyllLZeviY,"Apr 21, 2018"
hSlb1ezRqfA,"May 31, 2017"
N9phCHjI6cI,"Jun 11, 2017"
uuCExYQHtK0,"Jun 17, 2017"
2_evn2rg-80,"Jul 8, 2017"
SFa5PyWTjKA,"Apr 4, 2017"
jC0BbeFd2zA,"Aug 6, 2017"
duNWzHgisP4,"Sep 13, 2017"
jE2VvGZktJo,"May 25, 2018"
tCMx_RPLCYc,"Aug 28, 2017"
pOHQdIDds6s,"Nov 23, 2017"
ct-CdyT4HkM,"Sep 6, 2014"
pWUzkxtoJ2I,"Sep 13, 2018"
43uTBB574g4,"May 10, 2016"
Xrp0zJZu0a4,"Jan 27, 2015"
A1LUHmUcIsk,"Aug 1, 2014"
VzHtsoBwBqI,"Jun 1, 2015"
Z5FoX3ju2J0,"Oct 16, 2016"
M6XiFKB7j0w,"Oct 1, 2017"
7fgCfC3bM0U,"Dec 7, 2014"
L6EwZWWRA-U,"Aug 16, 2015"
DfulyX2IFFc,"Mar 15, 2016"
StXPZcGg46E,"Apr 19, 2018"
_f2zRRsRnOw,"Feb 7, 2019"
rI7gvSWDOzw,"Mar 7, 2019"
1_-dZJ_4_Zc,"Apr 25, 2019"
JElgcq_XGd0,"Feb 14, 2019"
fdUgKk-G5Tw,"Nov 9, 2017"
gGCKVxl9STY,"Jun 28, 2018"
P_n__EKPIVg,"Mar 16, 2019"
FoOiWhTgI3o,"Nov 14, 2019"
wG1HKc-eY-Y,"Feb 18, 2020"
5icYc86o5Es,"Jan 24, 2020"
iNWHHhIsE00,"Nov 12, 2018"
Z789GZnFkwk,"Aug 10, 2018"
7kPq1PeCz-4,"Jul 31, 2018"
EXl0QTPQIqE,"Feb 17, 2019"
ZAdfLyJX0N4,"Nov 3, 2019"
-ubyfnNldxk,"Jul 16, 2018"
d3nE9l1Y-hc,"Jul 29, 2020"
Su3gI8sx4uA,"Apr 26, 2019"
9h1l5Z0mH0w,"Aug 11, 2015"
jVwn1xZEgJ4,"Oct 14, 2017"
sGITH2QETAQ,"Jan 26, 2016"
wy-djZ0EZhI,"Apr 11, 2018"
jDARX4yUPkk,"May 21, 2016"
o00f-GlCgqA,"Dec 29, 2015"
OrvxyaUN90Y,"Oct 26, 2015"
I_wyVK1Jhww,"Aug 18, 2016"
Od8csGYy8AQ,"Nov 12, 2015"
Wxjcz_udt_8,"Nov 17, 2016"
fbK2ySlxAW4,"Sep 8, 2016"
MamJtYJKdPU,"Apr 11, 2019"
osCw73O_WMo,"Oct 16, 2012"
xX-bprr9rFo,"Premiered Nov 30, 2021"
73wTsXvjj78,"Apr 3, 2018"
2VkC18szIr8,"Jul 25, 2014"
INJSYLVA_fg,"Oct 7, 2012"
5mJ1xTHYFEw,"Oct 6, 2012"
ymsEsqvZkOo,"Oct 9, 2012"
elKpkk_I-_U,"Oct 8, 2012"
fYLzdkLgU3M,"Apr 2, 2016"
W55b4BcCPM4,"Dec 27, 2015"
_lfCNT2kIoM,"Oct 6, 2018"
LUHzOYcZv6U,"Sep 1, 2019"
tEFGOB0TqCE,"Nov 6, 2016"
OIzHAxcOfus,"Apr 24, 2016"
igZjrKA_Tn8,"Jan 23, 2016"
hNZzxJW9asM,"Aug 14, 2016"
_9yOLKiT_RQ,"Nov 23, 2015"
YHJ1VQv076Q,"Oct 3, 2015"
qkLMPihvKaQ,"May 24, 2018"
D2xmlzMOsmM,"Apr 18, 2019"
cbSy36fu6Pk,"Dec 2, 2016"
TEl6KgcfSA8,"Sep 28, 2017"
HUqf84AZ0mM,"Dec 11, 2012"
32xlppvyWC8,"Oct 13, 2016"
84vyCo8vFHc,"Nov 27, 2015"
qFjP-OJ7Bh4,"Nov 19, 2008"
z0J26eCipr8,"Oct 13, 2016"
M3rg-rh6MPo,"Dec 17, 2015"
mH_2iYhZmcE,"Jan 5, 2018"
Jxh2ZjNlknY,"Mar 1, 2018"
F85zvsKMsjo,"Apr 27, 2018"
kcsXWqhtGWU,"Apr 6, 2019"
TpNCcq6Rsz0,"Aug 5, 2016"
ihpOUszp67g,"May 4, 2018"
EW7JLJqPLP8,"Feb 13, 2015"
YweSvKXsKEQ,"Nov 28, 2017"
qqLgjJULT6c,"Jun 7, 2018"
NsCd95Du-O8,"Mar 10, 2020"
6ZfuNTqbHE8,"Nov 29, 2017"
TcMBFSGVi1c,"Mar 14, 2019"
hA6hldpSTF8,"Dec 7, 2018"
QwievZ1Tx-8,"Mar 16, 2018"
tmeOjFno6Do,"Oct 23, 2014"
dKrVegVI0Us,"Mar 10, 2016"
ue80QwXMRHg,"Jul 23, 2017"
K4zm30yeHHE,"Jun 13, 2017"
HoC7yFRSnsQ,"Mar 28, 2018"
aWzlQ2N6qqg,"Feb 14, 2022"
bmyXHQQctyQ,"Premiered Oct 21, 2019"
FVojUMhBAtY,"Aug 23, 2017"
cDvnAgNrQog,"Oct 4, 2018"
sf4481EUKyg,"Jun 15, 2017"
iMNywsqXJW8,"Dec 2, 2016"
1GHbn_wiOGM,"Premiered Aug 15, 2020"
-1CSzP-LEGk,"Sep 7, 2017"
6yifLPR-Mck,"May 29, 2017"
pmjH9erWu48,"Jun 25, 2019"
KQVISkhafCs,"May 8, 2018"
TsSC5BUuP6M,"Jan 31, 2019"
irg3MQyTK3c,"Dec 8, 2017"
CZ4RC7LXfC0,"Oct 25, 2017"
DbymrjGU0Uo,"Apr 22, 2019"
In1BoFEHw-E,"Dec 8, 2018"
L_ek_dJi028,"Dec 12, 2018"
Hb0wmQmxe3s,"May 27, 2019"
IgQSLOj53pI,"Feb 21, 2020"
Q5NIOLvTZ6Q,"May 29, 2017"
H1MoPW7V_0k,"Jun 18, 2018"
QqLgmequ7Bk,"Mar 17, 2019"
88aDJFdUjH4,"Jan 21, 2017"
4NnJ-7Y6qwo,"Jul 30, 2017"
p6ff-ShY5Bw,"Jun 15, 2016"
9biIOtEYeHc,"May 7, 2015"
If2rE7Sagyw,"Mar 18, 2018"
ZJy1ajvMU1k,"Mar 7, 2016"
y5gnlPTXGB4,"Feb 24, 2019"
MpTodVRR73E,"Dec 22, 2009"
3tyYsfl4DlA,"Aug 28, 2017"
B9Mi1-qn_PQ,"Dec 8, 2017"
5YIK4b7fNeo,"Oct 27, 2018"
Uo7U7ruedic,"Dec 24, 2018"
pgHrRi91-Mk,"Nov 22, 2018"
SvQx5FMEVmE,"Dec 6, 2019"
bN5xWBjYvQ0,"Jun 27, 2019"
ZujP5qjviLc,"Sep 18, 2020"
rTJSWmgbVwA,"Apr 1, 2022"
Vz9EXeF01A8,"Jun 10, 2016"
14C28JSO-sg,"Nov 26, 2021"
7frcq-wBhZs,"Oct 13, 2017"
xcoWvnF0h18,"Jan 9, 2019"
1xEHvFmFGxI,"May 27, 2017"
GfhrANjxWno,"Mar 22, 2017"
99i-Uo7rIpw,"Jan 20, 2019"
Bho5zxsXy9A,"Jan 24, 2019"
JzUxh--TdJI,"Aug 11, 2019"
F_pM3MhtWcw,"Sep 9, 2019"
o7jCx5thcDg,"Sep 13, 2019"
Wm74Ptqer6E,"Jun 11, 2018"
OTLCwJthVyY,"Jun 3, 2018"
DtjQzcuLb34,"May 26, 2018"
EkFgUQVR9BU,"Mar 28, 2020"
4bvtjE9v5o0,"Apr 3, 2018"
ZHrHrNvyjj4,"Jul 3, 2018"
pI2Vu8Rldk8,"Sep 5, 2018"
nleELDBP8Rw,"Dec 16, 2017"
b23-M8Ls3Iw,"Feb 1, 2018"
mIKhSLiMZ4Q,"May 14, 2019"
gwgWS4HxVUI,"Jul 5, 2018"
N31YI1XAJaQ,"Jul 1, 2018"
N92MGjxiQZY,"Sep 29, 2017"
SaA3hlulBNE,"Jan 12, 2017"
-gPwz8vGHkU,"Oct 24, 2015"
NMF0L1_ZcWA,"Nov 21, 2018"
A8sQvQapSXM,"Jul 27, 2019"
3AC4txOoMpY,"May 23, 2018"
c81tPT8WUJQ,"Nov 2, 2019"
ra6Wybk6ku4,"Aug 17, 2018"
EOzuld8xkng,"Nov 14, 2018"
0d0aeF12kC0,"Oct 25, 2019"
d9RqRYp2y-c,"Oct 30, 2020"
YiufFlYUARU,"Oct 30, 2019"
PRqeG3X5byA,"Mar 6, 2019"
fgxvVNl2ArU,"Jul 19, 2019"
xoMov6-gTAc,"Jul 10, 2019"
eUiWYzXTMJ4,"Feb 22, 2019"
xnfGc3VcHHY,"Dec 14, 2018"
n83YPWkY1eg,"Mar 21, 2018"
fZ8uwBGQCUk,"May 17, 2018"
sKZstaoPrCI,"Jul 2, 2018"
6LoRTM41fmw,"Dec 3, 2019"
RC6bp98msXA,"Dec 3, 2018"
o2eXWD9rzLU,"Jul 4, 2018"
g5LeCRcCVIA,"Aug 18, 2018"
a0pPTnlRFUM,"Mar 13, 2018"
xHnMELK67bI,"Sep 28, 2021"
Wn1jNT4Do9U,"Jul 17, 2018"
AFC5RaH4xMg,"Feb 28, 2018"
Sqd3jUPq3Lw,"Jan 26, 2013"
EYEHUOpwNvE,"Nov 14, 2013"
P9LmHXXWiJs,"Feb 19, 2007"
ZsPsKLjw-SI,"Aug 20, 2016"
DCCxOFtrMMI,"Feb 20, 2011"
wgVOgGLtPtc,"Dec 24, 2016"
2hIrbnVx4k4,"Mar 14, 2018"
t22flliJLTQ,"Jan 1, 2020"
IwB4idmx7oE,"Feb 15, 2015"
imW392e6XR0,"May 22, 2014"
AKEQwvaYI_k,"Mar 2, 2010"
LABGimhsEys,"Nov 21, 2014"
aHBLOkfJSYI,"Apr 24, 2018"
Hcmz74AaXHs,"Jul 25, 2012"
JgQVj4iMm8Y,"Sep 22, 2016"
RK-oQfFToVg,"Nov 5, 2013"
t2oVUxTV4WA,"Sep 26, 2017"
RDocnbkHjhI,"Mar 13, 2015"
Zu5Oo23G67w,"Oct 10, 2013"
b97Dl8fAP1A,"Aug 26, 2017"
Bz3BhvXv8KY,"Oct 20, 2018"
1tlokQFORbM,"Sep 30, 2017"
nxBbHkSlXHk,"Dec 7, 2016"
3Qw5o5uTfYo,"Nov 27, 2016"
M7jZujihpPk,"Oct 24, 2018"
CBipBrBxpeU,"Mar 25, 2017"
tL5n51oCBqs,"Sep 16, 2018"
rhhQS3ns6HU,"Feb 7, 2018"
GfpP-bPfHlk,"Sep 3, 2019"
XH3Xu1-cvII,"May 11, 2015"
yVLfEHXQk08,"Nov 19, 2016"
-KOohzZfoss,"Dec 9, 2016"
wczdECcwRw0,"Dec 7, 2015"
TfQc3pDBHaY,"May 3, 2017"
ZEjwnkzzHa4,"Dec 30, 2016"
DRepbLikfNA,"Aug 4, 2017"
ZUFj0fmKolc,"Dec 16, 2016"
DDY6KjQCMoQ,"May 2, 2022"
aUnB5nzmmtc,"Dec 23, 2016"
g6ADn177bag,"Sep 23, 2017"
3LdE3y9ehVk,"Oct 5, 2019"
DOMPU26i7Xw,"Premiered Nov 27, 2019"
zZz91aicTuU,"Aug 25, 2018"
BuvyOhCjeIo,"Dec 5, 2020"
T2IpHrqkFqA,"Jan 27, 2018"
CQOOI6hXLBM,"Feb 17, 2018"
YX4mYLElLqI,"Apr 1, 2021"
ghU3y03ZYn0,"Jun 16, 2017"
Jvgu_6kSWGQ,"Oct 27, 2018"
WSinMOs5eGw,"Apr 11, 2015"
g3Rf5qDuq7M,"May 10, 2014"
xHxsVRM-pS8,"May 16, 2015"
ZsNlcr4frs4,"Mar 24, 2012"
J7_k5tUeoUc,"May 16, 2009"
gO_KyTtJg10,"Apr 19, 2014"
dnvQ3HX0-pA,"Apr 27, 2013"
pVmp1cc2Wxo,"May 26, 2013"
hjHnWz3EyHs,"Apr 12, 2014"
cZZM3bgmXE4,"Apr 19, 2014"
xTlNMmZKwpA,"May 29, 2018"
PEGccV-NOm8,"Jun 25, 2017"
hsm4poTWjMs,"Premiered Aug 7, 2020"
3y-O-4IL-PU,"Premiered Mar 1, 2019"
Wc5IbN4xw70,"Aug 7, 2020"
Zj2cK8wymIA,"Oct 23, 2018"
rCiBgLOcuKU,"Premiered Feb 5, 2021"
kcRWyLMVrFM,"Aug 20, 2018"
8zSRkr1nQNw,"May 21, 2018"
cJc7xWJbwJw,"Premiered Jun 26, 2019"
gi0nqupQ94E,"Aug 9, 2016"
URxsOjGMg4w,"Dec 6, 2016"
UbmwKMGKiAc,"Sep 21, 2017"
mVutD41HaDs,"Feb 16, 2018"
Uq4dyDHgqAI,"Aug 23, 2016"
ldlMb2ZT9mg,"Jan 23, 2017"
ztNkwPMCfqc,"Oct 14, 2018"
Lp2_kvAQwD4,"Apr 16, 2014"
F6znxz4BKaU,"Oct 21, 2016"
0dygUldtJDI,"Apr 25, 2014"
qoXi7CEtZl0,"Dec 21, 2017"
IiWRvNVgStU,"Sep 28, 2016"
CYYiVB4gYWk,"May 15, 2017"
8sVtTyjfFxo,"Mar 2, 2020"
brR0rASxg0g,"Jun 16, 2018"
2CZuwjvrlJg,"Aug 28, 2018"
qF5tzQIWULE,"Feb 26, 2020"
Mco5e0A6JTI,"Mar 2, 2019"
15yFIuEempk,"Premiered May 18, 2019"
eiA9GVu54kk,"Mar 25, 2017"
U4xFWIKVT6s,"Aug 11, 2017"
Co3mVOM0K_o,"Sep 23, 2014"
rJscYHJAq4s,"Mar 25, 2018"
keQOD0srvCM,"Sep 9, 2018"
wOvtuwThLqU,"Nov 22, 2019"
OqznXuPPOiA,"May 6, 2017"
VUx8KJGxwgs,"Jul 5, 2017"
vbwoI6PJQKo,"Feb 9, 2018"
tNIQGrPOsPw,"Nov 4, 2017"
mTUURvgnfas,"Mar 3, 2017"
znK652H6yQM,"Sep 23, 2014"
cV5TjZCJkuA,"Jun 19, 2018"
8CTxbQ6cdUw,"Jul 3, 2016"
utRww8-QuBw,"Mar 11, 2016"
JJ5WP2BKigc,"Oct 1, 2017"
wCfClc8ssOU,"Dec 25, 2016"
ju6ERMA_5xE,"Apr 12, 2017"
VSqkL31w69k,"Apr 15, 2019"
r-3iathMo7o,"May 13, 2018"
NxEuXsR7tCc,"Jun 27, 2018"
lEkbcr-7GSo,"Oct 7, 2019"
urnLi3TRS50,"Nov 21, 2019"
LkPDFZnc-Z8,"May 24, 2019"
L36WnapEYf4,"Dec 7, 2018"
D1e3_FC5S_s,"Nov 6, 2019"
CJ7ok3hN0f4,"Apr 19, 2019"
M2ToDvQLOUc,"Feb 28, 2019"
IARtQGAiZcw,"Nov 29, 2020"
urlCz7x0jrw,"Jul 31, 2020"
SSPEyQ1zwdQ,"Jul 8, 2019"
BCOjopku3bk,"Premiered Feb 15, 2019"
ULkNgvsp77Y,"Jan 26, 2018"
uSsD1SXvbuU,"Premiered May 8, 2019"
sn2uJrs90hI,"Dec 2, 2016"
Yq-h30vwXkU,"Sep 24, 2017"
l7SSQnsnCmA,"Oct 6, 2018"
pqXBeXmAKKg,"Premiered May 30, 2019"
RsX2VHnHT1Y,"Feb 26, 2016"
8VrVoJBSg9g,"Jun 7, 2015"
XgI0ESFS71c,"Jul 25, 2016"
Z8Hc6zwG_YA,"May 9, 2019"
Wij75zhAoao,"Premiered Aug 31, 2020"
Mdf9OcCHDpM,"Jun 16, 2019"
kBZlhVqnXP0,"Aug 23, 2019"
a6WsqUUdrMM,"Jul 7, 2019"
i06zBs7MHaQ,"Jun 3, 2021"
ld-0fgJsM1k,"Premiered Aug 3, 2020"
vFwtkzNBfn4,"Apr 2, 2019"
X3WD2AX7A3g,"Apr 29, 2021"
s6KZQX0JixU,"Aug 16, 2019"
BCOjopku3bk,"Premiered Feb 15, 2019"
ULkNgvsp77Y,"Jan 26, 2018"
uSsD1SXvbuU,"Premiered May 8, 2019"
sn2uJrs90hI,"Dec 2, 2016"
Yq-h30vwXkU,"Sep 24, 2017"
l7SSQnsnCmA,"Oct 6, 2018"
pqXBeXmAKKg,"Premiered May 30, 2019"
RsX2VHnHT1Y,"Feb 26, 2016"
8VrVoJBSg9g,"Jun 7, 2015"
XgI0ESFS71c,"Jul 25, 2016"
Z8Hc6zwG_YA,"May 9, 2019"
Wij75zhAoao,"Premiered Aug 31, 2020"
Mdf9OcCHDpM,"Jun 16, 2019"
kBZlhVqnXP0,"Aug 23, 2019"
a6WsqUUdrMM,"Jul 7, 2019"
i06zBs7MHaQ,"Jun 3, 2021"
ld-0fgJsM1k,"Premiered Aug 3, 2020"
vFwtkzNBfn4,"Apr 2, 2019"
X3WD2AX7A3g,"Apr 29, 2021"
s6KZQX0JixU,"Aug 16, 2019"
CAb_bCtKuXg,"Jul 19, 2018"
2yFCyPX3kT0,"Apr 11, 2016"
rvUzuK0ygI4,"Oct 5, 2018"
pO4DV5KZClk,"Aug 24, 2018"
ntHMsyr3R6w,"Jul 30, 2016"
E-fakvMntAk,"Mar 8, 2019"
MqFBlaMQKmw,"Jan 12, 2017"
cV542dRK3uk,"Mar 30, 2016"
dAqC07wsbOk,"Dec 9, 2018"
WAwRrtH-4Lg,"Jan 20, 2018"
BHkxKmr4Ffg,"Sep 4, 2020"
oXm2AuqwPlc,"Aug 17, 2018"
wzKL-bQKcgA,"Dec 14, 2017"
VQWKFfeImHQ,"Nov 24, 2016"
ev9HRduIaPw,"Apr 13, 2017"
F983f0IjsC4,"Mar 16, 2017"
R5sO5cx9ifQ,"Feb 2, 2017"
xJrOUJpCxOE,"Jan 26, 2018"
UQ4aM9QJD0k,"Oct 13, 2016"
GGHIOGtHjYg,"Oct 21, 2017"
JGNiafLl0iA,"Apr 5, 2016"
Mb-QVfwCmYg,"Sep 30, 2014"
aICCLnBMJ5U,"Mar 28, 2014"
r01P9RmMeBI,"Nov 11, 2014"
yTrIfkAb-_8,"Sep 23, 2014"
Nj3qoo750_I,"Jul 29, 2014"
M82wF72RAAw,"Mar 18, 2013"
9RkeppfNvP0,"Nov 25, 2014"
TeC4lPwABCY,"Jun 17, 2014"
WFp9D_Eue9M,"May 5, 2014"
w4hXqsLnIS4,"Sep 22, 2020"
QdkXCZvW2lg,"Apr 14, 2019"
fKFAgDm15jg,"Jul 7, 2019"
UT2NcuMm3t8,"Jun 22, 2019"
Y3sXqKv4qcY,"May 13, 2018"
8_V5vu-lfa8,"Sep 29, 2019"
yHBpSPD6TpA,"Feb 16, 2020"
4184jxVRCIQ,"Oct 6, 2018"
afl7XTBvNyQ,"Apr 3, 2020"
FZUid2cYkco,"Nov 3, 2019"
pTtsn2Srm3E,"Jun 5, 2012"
vBdCdntp1uI,"Jul 7, 2013"
jNjCv9OIF-M,"Jun 10, 2011"
U4DeB4V2ZnY,"Nov 26, 2017"
_nSToXsCiW0,"May 6, 2018"
0py4ZOqPt64,"Jan 21, 2018"
YDkll1hUbFw,"Jan 6, 2018"
M1veB1CILok,"Jun 10, 2013"
laQq-nAEJWQ,"Oct 25, 2017"
WF69sA0xvKY,"Apr 11, 2018"
9z5vRkO1lBM,"Dec 22, 2017"
C6Z2Zuq74gg,"Jan 12, 2019"
-5m7x4nCFbU,"Oct 12, 2019"
uaOcxaTR-Cw,"Sep 14, 2019"
PznbKJ3C6EE,"Jun 15, 2019"
sAPFEBYi0q4,"Mar 12, 2017"
E8vovTYcBMw,"Oct 29, 2017"
hj2nTqgDGsc,"Jul 23, 2017"
mpjb-thhmeM,"Jun 20, 2020"
GhRhbmXX3qI,"May 6, 2017"
sD9_l3oDOag,"Jan 26, 2018"
ghAvJMxE1qo,"Jan 18, 2019"
WtE011iVx1Q,"Mar 30, 2018"
NE3IkFadCHM,"Jul 8, 2016"
lsbqH5bJURc,"Oct 22, 2015"
EzUYwXNUlkM,"Jun 16, 2017"
SRm2Ch4oFWs,"Premiered Apr 16, 2021"
dNa5gs24gis,"Sep 28, 2018"
FjIfxEXOcxo,"Premiered Jun 21, 2019"
9bZkp7q19f0,"Jul 15, 2012"
ASO_zypdnsQ,"Apr 13, 2013"
wcLNteez3c4,"Aug 14, 2012"
FrG4TEcSuRg,"Nov 30, 2015"
8dJyRm2jJ-U,"Premiered Apr 29, 2022"
HkMNOlYcpHg,"Jun 9, 2014"
OwJPPaEyqhI,"May 10, 2017"
Xvjnoagk6GU,"May 10, 2017"
9HPiBJBCOq8,"Jul 25, 2012"
tF27TNC_4pc,"Nov 30, 2015"
h1A9Kc5iNkQ,"Jan 10, 2013"
4WryP4KxHaU,"Mar 7, 2013"
UwlPVpBfk_I,"Apr 24, 2014"
C9nSNkqv_x8,"Dec 14, 2015"
NZb0XKHgtjo,"Jan 17, 2013"
cPf2DlzCLjk,"Sep 12, 2013"
-nb2Tu8rAHg,"Mar 4, 2013"
5d4sCg1RZHQ,"Feb 17, 2014"
7SWvDHvWXok,"Mar 17, 2012"
N5vJSNXPEwA,"Oct 5, 2015"
z-IR48Mb3W0,"Dec 15, 2015"
Uj3_KqkI9Zo,"Jan 16, 2014"
Y6e_m9iq-4Q,"Dec 1, 2014"
7yDmGnA8Hw0,"Sep 1, 2015"
H0-WkpmTPrM,"Nov 3, 2014"
2tM1LFFxeKg,"Nov 3, 2015"
9iMGFqMmUFs,"Mar 29, 2016"
xyQY8a-ng6g,"Jun 21, 2016"
UCTD7UVWu-M,"Jul 13, 2016"
uX_AuAVIbg4,"Apr 24, 2018"
FydN2OFzu7M,"Aug 10, 2018"
FXxXOXdHS8Q,"Oct 31, 2015"
gms9P6G2RYE,"Oct 6, 2018"
qwqLOtC9JuM,"Dec 6, 2012"
26DGF3FLlJk,"Jun 21, 2018"
V4ERtr0wA88,"Aug 30, 2018"
tMfq4O7q-yY,"Jun 4, 2015"
_vE0kJIl_R4,"Feb 10, 2016"
VAFnHCIi8gc,"Oct 23, 2016"
Zx8dsGOmPPs,"Jan 9, 2018"
oCM4pU76KMQ,"Oct 28, 2017"
Hn4AGoqeHY0,"Jul 10, 2017"
5ZJFDfl9aQk,"Jul 26, 2018"
7gXgKW8avnU,"Jul 4, 2017"
U5nM3pSuBjw,"Dec 10, 2018"
7IQbt254Qa8,"Oct 9, 2018"
dRP7AfYzjoc,"Sep 26, 2016"
oTQmKWbK-As,"Oct 10, 2016"
GvMbLvY1XuE,"Oct 27, 2016"
z3jE7ZoTp-I,"Jun 29, 2013"
me4E2LmqN_M,"Aug 6, 2013"
aWfA1aFwISI,"May 13, 2013"
VhDPPenQot8,"Jun 17, 2015"
3t678W5zfMA,"Dec 10, 2015"
115amzVdV44,"Aug 18, 2020"
m2o_zW1_MEI,"Apr 13, 2016"
ETTyVQrUZt8,"Aug 23, 2014"
d-eSHPERoPk,"May 21, 2015"
k81Fsp1yDO0,"Oct 18, 2018"
ceOrO47I6VQ,"Nov 2, 2017"
zEBFDpykLv4,"Dec 22, 2018"
leqNWJF1ZGw,"Premiered Jun 1, 2019"
tQazXpUG4-A,"Jul 19, 2018"
62rCVK2ojhI,"Feb 24, 2018"
ETB34Mo-PO0,"Dec 12, 2017"
C8ezyiev700,"Jun 7, 2017"
vyr9B-CalXY,"Dec 25, 2017"
QbABCe6HbbY,"Jun 26, 2018"
COBQTUQigHs,"Aug 3, 2017"
5a7YI5zW6aA,"Jul 3, 2017"
UpwUTqd_uTU,"Nov 14, 2017"
OOH-_jXSq8k,"Jul 13, 2017"
QiwSbZZSOgw,"Sep 16, 2016"
p7L3xGcmtzY,"Feb 28, 2017"
JlmKNolokuw,"May 5, 2018"
jseu1Blxhyo,"Jul 26, 2017"
jktwAGlO7mw,"Oct 29, 2017"
pGjRKcSaLDI,"Jun 19, 2018"
dPhVbPC_r_Q,"Jun 17, 2015"
ThVWCTC944o,"Apr 17, 2015"
e7zEqxgSFdI,"Oct 29, 2016"
K2ghJNWo5pk,"Sep 14, 2014"
t_qZWkR08m8,"May 15, 2016"
tYbYCcrBTno,"Feb 4, 2017"
JhDLfBH8bwQ,"Aug 3, 2018"
UJiw0eYrhxI,"Jan 5, 2015"
zljSQlzBIdA,"Dec 21, 2018"
MWXkbC8CItI,"Apr 6, 2019"
OPncMD2eQ9c,"Jul 11, 2018"
y45wYeka7Z8,"Apr 7, 2016"
7wdp6tRim5U,"Dec 23, 2015"
u1iDHGKJcJI,"Dec 28, 2015"
PmjKXXQVIs4,"Mar 5, 2018"
3HhD6VhLpiA,"Jul 15, 2016"
EQZrx4DVN6c,"Jul 20, 2018"
LVANZ5B51ck,"Oct 2, 2015"
jbidTsU5okk,"Dec 29, 2017"
1VUVJ5oBLw4,"Jun 23, 2017"
7VesPrGIqSU,"May 4, 2017"
RurULROi3_M,"Aug 18, 2013"
AvM7IdO4QPk,"Jul 22, 2017"
iI24huc6oWw,"Oct 14, 2017"
CuZgcBm_k9g,"Jul 5, 2017"
Qw9--6lYot8,"Jul 27, 2018"
mlgtt9eCIdc,"Dec 15, 2017"
Y28I3YIp85s,"Oct 1, 2011"
8-WMLpSEd_4,"Jan 5, 2017"
HV652F7U6Qs,"Feb 1, 2020"
6KJNCSKX1rI,"Jan 7, 2021"
-t_uhBBDbA4,"Sep 5, 2018"
j6dmaPzOBHY,"Feb 23, 2020"
75vjjRza7IU,"Dec 19, 2017"
cH2CyaX8YHM,"Mar 30, 2022"
fcvFfhUVgzc,"Feb 29, 2020"
5wGGdgVsd-A,"Mar 14, 2021"
Yj2efyQV1RI,"Jun 19, 2019"
c7gVaoZLe00,"Jun 21, 2021"
fJ9rUzIMcZQ,"Aug 1, 2008"
HgzGwKwLmgM,"Aug 1, 2008"
rY0WxgSXdEE,"Aug 1, 2008"
-tJYN-eG1zk,"Aug 2, 2008"
f4Mc-NYPHaQ,"Sep 1, 2008"
kijpcUv-b8M,"Aug 7, 2013"
azdwsXLmrHE,"Aug 1, 2008"
2ZBtPf7FOoM,"Aug 1, 2008"
04854XqcfCY,"Aug 1, 2008"
t99KH0TR-J4,"Oct 15, 2013"
5NxKNrfqUjs,"Oct 27, 2019"
KF8I09WBtEI,"Feb 7, 2021"
ex1iFyfLUTM,"Mar 1, 2020"
aAOC71qqXxM,"Aug 18, 2019"
rR7y4dyGvTk,"Mar 31, 2019"
zi6BQRG5xH0,"Sep 29, 2019"
fuVS2H6AYWE,"Feb 17, 2019"
B-gHb2gPGIs,"Jul 24, 2022"
wYfYdrd6fqI,"Oct 13, 2019"
tDDEiUX38hc,"Jun 9, 2019"
snjhDUQktMs,"Jun 8, 2016"
WvpO8To1qFg,"Dec 13, 2015"
th_LYe97ZVc,"Oct 23, 2014"
9t_h3yKntww,"Jul 29, 2018"
d1kw1RmzrPc,"Dec 9, 2014"
PV9jdolesMI,"Jul 22, 2018"
_0fX0WNMMUo,"Dec 30, 2017"
GPugMe4ePEw,"Apr 26, 2015"
FMJ2jZtW7cw,"Jul 30, 2015"
XnitQYkYYcw,"Sep 8, 2021"
bf2ASh5vS-s,"Dec 22, 2017"
BNiTVsAlzlc,"Dec 8, 2021"
YS15RLUQ_FU,"Nov 17, 2021"
lNe1D_E3R8E,"Jul 8, 2022"
zoXM00Soj8U,"Mar 1, 2016"
w6urQm7Prs4,"Dec 7, 2022"
OSgYQl6GZbU,"May 9, 2017"
94SKl5gmtQw,"Jul 8, 2016"
JB3MqIpNXhA,"Jul 18, 2017"
UDDMYw_IZnE,"Nov 29, 2017"
GD2_bkNgX5I,"Jan 4, 2018"
5gBeLN2Jkng,"Jul 29, 2017"
qgmXPCX4VzU,"Sep 19, 2017"
QCQR7eyaiJM,"Jun 1, 2018"
yrJ7CVeiFvo,"Mar 25, 2020"
NpngifA8iRM,"Oct 14, 2020"
vO15zpO5kc4,"May 27, 2020"
NtGgj5zhM84,"Aug 1, 2017"
oVGRTQDqhs8,"May 18, 2020"
xJybPumT9Rg,"Dec 5, 2016"
B4uhW6nIdMo,"Jun 8, 2018"
-Dnzon-hlCE,"Nov 11, 2019"
iA9Ivo0UJt8,"Mar 22, 2017"
zkjW9xfrnVU,"Dec 21, 2017"
MeMsl0YRUP8,"May 4, 2019"
VDzQAWwt_Ow,"May 1, 2018"
kIvNFhxtiHY,"Aug 11, 2018"
lN_ZYGdMnYU,"Mar 27, 2019"
BKG5_LMywdk,"Jun 15, 2020"
ZGsJxy7yX2Y,"Nov 17, 2020"
RjWhHG0l6Ho,"Feb 18, 2020"
DgvOGlUhQyU,"Jan 30, 2020"
ZqhVFmfFLAw,"Jan 31, 2019"
xm__ewOlACE,"Sep 13, 2018"
YUKuTGODe8I,"Jul 26, 2018"
o_mHLa5nV48,"Jul 18, 2019"
pHFi1Qcqk9U,"Feb 14, 2019"
frDUPIj6q7c,"May 7, 2020"
-sjI6xECTYo,"Jul 22, 2019"
gok-gkH4bwA,"Mar 1, 2018"
oOop2bLiSFw,"Feb 4, 2017"
VxE7Fi6jH54,"Jul 29, 2017"
Y8PIcsCtA_k,"May 31, 2017"
rvaYl7mr1C8,"May 7, 2018"
g0BESHs4YYo,"Aug 22, 2018"
GdTvQlpWPys,"Feb 1, 2019"
4T-iZvNDIu0,"Oct 23, 2014"
JL4PQVMaPE8,"Oct 28, 2017"
mxpbKDlKkMA,"May 29, 2015"
GUOOkgxH1nQ,"Nov 10, 2017"
Os0koIINqrU,"Nov 18, 2016"
lC1gu4-wFV4,"Premiered May 3, 2019"
5lmUjaXmYvI,"Nov 25, 2016"
vSFyZQXz1uE,"Nov 3, 2017"
r7JqQ6a0eaM,"Jan 26, 2016"
Txq2htmEHmw,"Jul 21, 2017"
1ttb_Fxcpro,"Jun 23, 2017"
bqPykd9s18o,"Jan 13, 2017"
5J2sFngHT9o,"Mar 24, 2018"
e9QZEe6JDGM,"Dec 29, 2017"
DzXM6DaUgzI,"May 6, 2017"
qzvdvORvWtA,"Mar 14, 2015"
et0BKn8xfc4,"Sep 29, 2018"
dwD_-2K_L_Y,"Mar 22, 2019"
C8FCqoirURo,"Jul 17, 2017"
RTZOsXdXPGU,"Nov 25, 2016"
cSSV3Ps3bLs,"Jan 14, 2017"
oReajR_hSvU,"May 26, 2018"
3s_KEmqzCeM,"Premiered Mar 23, 2023"
x9XkXqGDo04,"Mar 21, 2023"
DB6-B_vtwuQ,"Premiered Feb 4, 2023"
QxZFjShiXhA,"Premiered Feb 3, 2023"
fGu6_hTTro8,"Oct 8, 2022"
L5aEHhVZmtk,"Oct 5, 2022"
XEeiSxN9lHo,"Oct 4, 2022"
xoLmjDYHpxE,"Oct 1, 2022"
qakthXvkNU4,"Sep 24, 2022"
Ec7O1KPe_60,"Sep 22, 2022"
IEsl_VMHd2A,"Dec 20, 2017"
r8k51qeEEBc,"May 10, 2017"
r5L_HjQ4754,"Dec 16, 2015"
yz5M8tJRq0Q,"Aug 9, 2018"
_cWklSGyYyk,"Jun 18, 2018"
PrKwzzBrEjY,"Nov 21, 2017"
wQDAGGjjpwk,"Aug 25, 2018"
JdLap1Bpchk,"Jul 24, 2019"
Fy4YwgXAdQk,"Jul 4, 2015"
K527oNxtO7o,"Jun 11, 2018"
GWWHI7SE0KQ,"Apr 28, 2018"
XjJTtKTbR84,"Premiered Jan 31, 2020"
vlkNcHDFnGA,"May 18, 2017"
madsiEmiEZo,"May 13, 2018"
FysV6XnDlQk,"Dec 26, 2018"
Gt9WzC4WDEA,"Nov 10, 2021"
uvCbZxYdLuU,"Premiered Mar 29, 2021"
OsU0CGZoV8E,"Premiered Apr 11, 2022"
HrrS_TOW4BM,"Dec 16, 2019"
ZBDSNy4Yn9Q,"Premiered Feb 29, 2020"
eQ_8F4nzyiw,"Sep 25, 2019"
sZs4NDC4yrI,"Apr 30, 2018"
kqnvrjgyEMc,"Apr 25, 2018"
VWHlPH23P-w,"Dec 2, 2018"
7CZq5SkIiu0,"Sep 22, 2019"
M8NFhjj0bUk,"Nov 20, 2019"
nDTeSb0TzbQ,"Nov 25, 2011"
v7MYOpFONCU,"Dec 30, 2019"
3dEfc9LL9bQ,"Jun 25, 2020"
9-NU7yOSElE,"Apr 17, 2018"
slpkWh1VR38,"May 10, 2015"
rVeJCVtyp3Y,"Nov 28, 2016"
pw3i9np_BcQ,"Nov 7, 2016"
h-dNMdRvP-A,"Apr 22, 2016"
PtokzSVKnZY,"Oct 8, 2016"
WwgPOxXSYDc,"Oct 3, 2016"
9EqOBLd9RNo,"Apr 17, 2017"
3ZFb6iZkmDE,"Mar 3, 2016"
Hd-CIifJMZ0,"Apr 17, 2016"
zNqxbz7fDQ8,"Jul 27, 2019"
AnldWwwT8jQ,"Jan 22, 2019"
IlcFAsJ8zb4,"Oct 26, 2016"
VNKU4hSz3SU,"Mar 20, 2018"
JrsX6GjZDaI,"Oct 19, 2017"
GcXfzy7NAGo,"Jul 28, 2017"
oFnPNaD-SYw,"Sep 15, 2015"
9vbddLNUOMs,"Apr 19, 2016"
gu1_eWOYlUo,"Dec 18, 2017"
98i_Ezo4KoA,"Jun 7, 2017"
_Os4GTjrWys,"Sep 16, 2020"
D1FJCqPTrgo,"Oct 31, 2019"
JTPHGUNbKPs,"Oct 3, 2019"
GFp_WgOK9Zo,"Mar 11, 2020"
FoH082oE3E4,"Nov 10, 2020"
abR_789Z9qA,"Jun 15, 2019"
S_seqN60D84,"Nov 25, 2021"
QYzZrLjsBV4,"Jan 4, 2019"
L64loz5rVnU,"Sep 7, 2020"
vdJiaHP_BTM,"Jul 3, 2020"
TvoMbkiAieg,"Oct 18, 2019"
8kwUKK2EkbU,"Sep 20, 2017"
E4AxtFwiHAo,"Apr 4, 2018"
_NmYPDn3jzg,"Nov 8, 2014"
Pr0B3kh1EYc,"Premiered Jun 11, 2019"
N57_Gsutg-I,"Nov 27, 2019"
AXGz_xYIsFA,"Apr 14, 2016"
SPHtpCSzdSA,"Jun 15, 2019"
HIPJrrQlxzY,"May 10, 2011"
cgzh2BeFBQE,"Jun 8, 2012"
yTCRwi71_ns,"Oct 8, 2012"
d7hzcLZ7uRc,"May 12, 2008"
YuOBzWF0Aws,"Jan 21, 2014"
Hnvoz91k8hc,"Mar 11, 2014"
enOHraf3LEk,"Dec 17, 2012"
FLZ8L6SZmaA,"Jul 16, 2012"
B759dzymyoc,"Mar 18, 2014"
JGrcIYIC20c,"Jun 5, 2016"
t9WO0iMTc1g,"Aug 1, 2017"
QxN3l2b5LPI,"Jul 22, 2019"
cv5d_Jm-kBQ,"Jan 24, 2020"
7DrmhF_TsY8,"Nov 5, 2017"
diRZ_3tLXm8,"Oct 31, 2015"
09TdczXQ3Cc,"Jun 9, 2017"
mcBMOrvZtq0,"Sep 1, 2018"
T-bCxjbh1yk,"Dec 26, 2019"
6WaknbJMUT0,"Aug 28, 2019"
mb22qDHwiig,"Aug 16, 2018"
me2kZerc2nc,"Mar 7, 2017"
g8FaY2OeI-Y,"Oct 23, 2020"
J4pyKi_luDg,"Oct 22, 2019"
5rcX3mjgiOw,"Nov 20, 2016"
H-JEq1x-OHk,"Aug 16, 2017"
CxXq8J7l-BE,"Aug 20, 2017"
aFwLmCNmnl4,"May 4, 2021"
di1jMnHJNzY,"May 29, 2018"
Cs5ehkDt-iI,"Oct 25, 2016"
JYNJ55FWYgU,"Sep 3, 2017"
dUAZMi3gT9o,"Dec 4, 2017"
ierWeEVUazI,"Sep 12, 2018"
xdRD3mC8i4Y,"Oct 22, 2017"
it6-L0JB1VY,"Jul 4, 2017"
iU1RJTsLsWI,"Apr 8, 2018"
B9sJMRvzC-I,"Feb 1, 2017"
pAv9ecqCCHk,"Dec 12, 2017"
ffKbzmz25b4,"Feb 4, 2018"
MIo7P8Mu8Ek,"Mar 21, 2018"
ssRzy3rg0ZY,"Jul 26, 2017"
Aal9mk6I9Ug,"Sep 5, 2018"
WhscS8CIrx4,"Mar 3, 2018"
i-RPSVlJMEM,"Nov 14, 2018"
6nSI77ETehs,"Aug 21, 2017"
2KX3dQBys6I,"Aug 28, 2017"
fhL-ufHxSio,"Sep 19, 2019"
uNaAMT1jbZ4,"Dec 19, 2017"
jXLtXt7DScE,"Jun 3, 2017"
kuKF1WICu2M,"Jan 26, 2018"
P9JAnxzpzAA,"Sep 28, 2016"
56S6NZOYMR4,"Jun 14, 2020"
e_JX2msmRhI,"Oct 4, 2016"
hPI6HIZTZXA,"May 8, 2021"
ZIPJULQRkao,"Oct 2, 2019"
AnayeftFeBc,"Feb 27, 2019"
yOp0cyWp_P4,"Apr 7, 2018"
YO6dUWjVmvI,"Jul 20, 2019"
4NKoEN4D2wA,"Nov 25, 2019"
FPAk81X3tTY,"Jun 20, 2017"
RnBT9uUYb1w,"Aug 23, 2016"
e2vBLd5Egnk,"Jan 27, 2017"
AeGfss2vsZg,"Jul 29, 2016"
pNNMr5glICM,"May 26, 2017"
BDocp-VpCwY,"Jun 15, 2018"
o7iL2KzDh38,"Dec 1, 2017"
Zv1QV6lrc_Y,"Feb 6, 2015"
Lpjcm1F8tY8,"Jul 30, 2018"
nJSdYlAFKqA,"Mar 23, 2015"
zH9sXggRlxc,"Apr 7, 2017"
RL7grUEo960,"Nov 15, 2013"
dKwzZZKIbUs,"Oct 1, 2011"
D-YPnDvTCmI,"Sep 2, 2015"
cjGZltVZORA,"Apr 18, 2014"
wNRUzu4fTgw,"Jan 24, 2015"
rR6G_Js1BX8,"Sep 2, 2013"
db_XBgSyi44,"Feb 21, 2014"
1VLc_hXWSPs,"Oct 20, 2015"
etvZ7fDxQdc,"Jan 24, 2014"
X9nJHPZCLys,"Feb 20, 2013"
S1eebleLWeE,"Nov 16, 2020"
o_EUqADWMXo,"Nov 11, 2021"
b5J5xwGDhbI,"May 23, 2019"
t-v8-rwJ_Mo,"Feb 19, 2021"
FOQYFKBG-go,"Nov 6, 2017"
-42LmVzfw_E,"Dec 15, 2020"
Pdpd4ikuODQ,"Nov 30, 2018"
L1QBrCd7m9o,"Feb 6, 2021"
MZEnsetuP9U,"Feb 3, 2021"
1me1Q8n8Y0Q,"Dec 27, 2021"
2dg9oc78Kv4,"Aug 26, 2015"
T_4RvW2zFww,"Feb 10, 2016"
IOg45dmtqPc,"Apr 5, 2017"
R10mrTJpqPw,"Jun 21, 2016"
AZ_t9iAJRDw,"Premiered Oct 22, 2020"
Z-qjxO_ZJKM,"Oct 15, 2015"
GjnC-KKKU2E,"Jun 6, 2019"
v0UvOsCi8mc,"Jun 22, 2015"
zYNsQ6ibdZs,"Jul 1, 2015"
mSgf8hZw4fg,"Mar 18, 2015"
WYveHcWm7gQ,"Premiered Jan 1, 2020"
U90Jsh7_iNc,"Sep 16, 2016"
Ary-sEWyAHY,"Oct 20, 2019"
3ilZcpgVlQE,"Jan 5, 2019"
TYWrS9lbHVo,"May 3, 2021"
Jjpfl2hgN5k,"Mar 17, 2018"
33yBu31aJIw,"Premiered Jul 25, 2020"
FAg6Y0z8rtY,"Feb 24, 2018"
u_SXLo_0ubI,"Oct 28, 2016"
3kBCUojc6rs,"May 10, 2017"
rECI7yHmr84,"Jan 7, 2021"
uc-Qs0aVa5o,"Jan 28, 2014"
trRJ2x6BWN0,"Oct 13, 2017"
KRCKj-WWs4k,"Nov 1, 2016"
5nbU7WT5-qQ,"Jan 28, 2015"
DTERlGwAFUI,"Apr 10, 2014"
Dvv3AED8qa4,"Feb 5, 2014"
xTTjmJJ-vb4,"Jul 14, 2015"
4eRHyYEopAo,"Jul 6, 2013"
m2j-x2dIU-w,"Jun 15, 2013"
Np7lObaDiBk,"May 24, 2013"
Y2d2HLdBF88,"Jan 16, 2015"
2NPPE6a7mSI,"Oct 11, 2016"
pAbgc41pksE,"Jul 9, 2017"
BOnx5k2TiGk,"Aug 7, 2015"
Fe2BfdlzwgI,"Feb 6, 2013"
Lv8WHQwo4GY,"Jan 20, 2017"
LIbwYaOcGxg,"Nov 4, 2015"
_qiVBOqNiOs,"Sep 12, 2011"
fBSYNez5d8o,"May 2, 2016"
R4u7TUvEGCI,"Jun 7, 2016"
_f9kIjhuYMo,"May 4, 2016"
P87IAiJmo4A,"Apr 27, 2016"
zuPoUsdXrqM,"Apr 29, 2016"
L4_ayvWnlDw,"Apr 11, 2016"
06C3yEJvDTA,"Apr 11, 2016"
5y_TCKNzAMI,"Apr 29, 2016"
tByUQ0e50ro,"May 24, 2016"
NlGMtDDwc3I,"May 6, 2016"
8XkcbdSRdO0,"Dec 26, 2019"
CDvdqo_R6iY,"Jan 20, 2020"
A7tikkWLBE8,"Dec 23, 2021"
evKZGQ-qwEE,"May 16, 2018"
pbLd3k_8_Fw,"Jun 1, 2020"
8WEDJVhTiIg,"Dec 13, 2018"
FGgtwEQ-BTk,"Dec 23, 2020"
QuysZvtpbeE,"Dec 4, 2018"
32AixTrZzuw,"Feb 11, 2021"
WXo07dpXNOc,"Nov 2, 2020"
SgZs2OP9zBs,"Premiered Feb 19, 2021"
0OdfZqoSLN4,"May 8, 2019"
GuavupYXguk,"Oct 26, 2016"
vg3EB--5Imw,"Oct 14, 2016"
AmADOlGXKUY,"Jan 17, 2017"
TELi5r8aAdg,"Jan 2, 2017"
pl6dJDuajwo,"Aug 30, 2019"
YwJI4RkL2gk,"Jul 30, 2018"
hfelhYzsL5o,"Oct 26, 2018"
AqLA9b1ezNs,"Jun 13, 2019"
2i1xEmCndl4,"Apr 30, 2019"
pxjFIwzMul0,"Jan 6, 2018"
5R3fApN258g,"Sep 21, 2017"
P3hFQBjcHtU,"Jun 14, 2018"
7Ojaxt74QIU,"Sep 15, 2016"
7CD-hUz9ZZ4,"Sep 25, 2018"
EYZJxVmyn54,"Apr 12, 2018"
iSX1QHx7jwo,"Jun 7, 2018"
Vo50UzmKxVg,"May 4, 2019"
6nsGyrXVRAQ,"Nov 30, 2019"
ZM2-VdPmLhU,"Jan 7, 2021"
T0yyhepiduo,"Nov 22, 2019"
tpVhmc80hRw,"Nov 11, 2018"
_wQtOxfaEWc,"Jun 9, 2017"
NI6TOSyhFeo,"Mar 23, 2021"
762pxpBoc7E,"Dec 29, 2018"
eLhSKrIBBEI,"Jun 25, 2020"
7WXQd3Iin9M,"Jun 11, 2020"
E5hgr1pj1fg,"Sep 19, 2021"
Jke-SuoIp64,"May 15, 2021"
FO1KkUIG3Sw,"Jun 27, 2015"
AE_k2kN8BxE,"Apr 15, 2018"
HG-xvvVz1KE,"Feb 10, 2017"
DYRybYDP4Cw,"Aug 30, 2017"
W7gh41NDtTg,"Apr 4, 2016"
Hx6MYh5xavY,"Mar 27, 2017"
fxRxOjppdMk,"Jun 10, 2015"
U6vVDGaKL3Q,"Jan 15, 2017"
uGtLzdKb9C4,"Oct 29, 2015"
8RpnUsEvklU,"Jul 22, 2017"
-uRRitChIUQ,"May 24, 2018"
ipvMC3DWvDQ,"Mar 5, 2021"
Flv4NAjs0bY,"Dec 28, 2020"
rNTe3zwY-g8,"Mar 2, 2021"
wgmoHi8Dsd4,"Nov 25, 2020"
6cvDgIRxcYQ,"Jun 18, 2019"
PuPglv8kaxk,"Jul 22, 2019"
7vzU4afoeXw,"Dec 25, 2016"
Pq9p3urLHBA,"Dec 17, 2020"
xG1Q4R_6LhY,"Apr 26, 2018"
pfOwPMqHv90,"Oct 15, 2016"
Oo4QrJxGpHk,"Feb 17, 2017"
yMUl43mWyGs,"Dec 25, 2014"
s-TmKWntGIY,"Jan 15, 2017"
VuLaqbxq5zA,"Feb 20, 2023"
Yr6kv8DYXGA,"May 24, 2018"
C7Y2rrSAP6s,"Apr 21, 2021"
cIvs4DWhc4E,"Oct 30, 2021"
zczBDmPPekQ,"Aug 30, 2015"
whAGVUnFXfA,"Sep 11, 2014"
a4Ov8qvZ2_w,"May 10, 2015"
QOOw2E_qAsE,"Jan 13, 2020"
6aeE5LXujC4,"Jul 22, 2016"
IxxI1X9CSEk,"Sep 14, 2016"
uYTFx26-S1A,"Aug 25, 2017"
EcqKjNJdkS0,"Oct 27, 2016"
LMYhnC1sVXY,"Dec 21, 2020"
SOoauHBpcbU,"Feb 13, 2017"
GUJqRkBEEY4,"Sep 6, 2020"
8lPg4Ur4LmM,"Jun 26, 2016"
q53HUAKB9oU,"Apr 29, 2014"
mdeMkg_5m9w,"Mar 26, 2013"
JQ4n2pxWntw,"Oct 29, 2013"
1cgbDMYsLDw,"Jan 31, 2015"
30mzPmm7gvg,"Mar 3, 2015"
Xh_Neg-Hp84,"May 13, 2017"
EC77tcJZIdU,"Apr 11, 2012"
Wr6nP_kNoCw,"Dec 5, 2015"
D3Okl8IFZ50,"Nov 29, 2014"
BIuHKldZJmc,"Jul 29, 2014"
0vWJnqIxID0,"Dec 27, 2016"
ebAvOrg5gQU,"Mar 2, 2019"
-j-8nu_uZ88,"Oct 29, 2017"
uK8b8mB2JVk,"Sep 17, 2017"
11HYWNLMBlA,"Sep 23, 2018"
O-_KR1F9BcI,"Jun 22, 2018"
lq9Qtvo7Bqo,"Nov 6, 2017"
9Us79LaNwmc,"May 5, 2019"
T_xwWYhKNtA,"Jun 25, 2017"
Hh54jWVMhzo,"Oct 2, 2016"
y4D1KtVetKM,"Oct 7, 2017"
QprJCxw17xA,"Aug 18, 2018"
ZEwiiUtukWQ,"Feb 24, 2018"
o9XoHms0IEc,"Sep 17, 2016"
oyM3PG4pn-M,"Jul 29, 2017"
OylHBEJAe8k,"Dec 31, 2016"
QyBTO3FiNDE,"Sep 2, 2017"
ciMAdMdaWlQ,"Jul 28, 2018"
lFPE6aBe_UI,"May 13, 2017"
6q7FCKuGj6Q,"Aug 26, 2017"
f-0TCM1Z0e8,"Premiered Jul 7, 2020"
MjQjmO7vc-E,"Jun 27, 2020"
lcpQBRItmk4,"Jan 23, 2017"
IrtSgnd0MzU,"Aug 30, 2019"
4UFKWl0by9Y,"Oct 4, 2019"
gPqRzbabuPg,"Jun 30, 2017"
54qd1yh_oTo,"Feb 8, 2017"
DtmCg1-PDaE,"Jan 16, 2017"
OzXnNSwoE1A,"Premiered Apr 25, 2021"
l4pN_9BVvvw,"Premiered Oct 31, 2020"
_Nu9swE5Mxk,"Nov 10, 2014"
qGhk2E2Om7w,"May 16, 2015"
JaLlvG3QHtc,"May 13, 2015"
tQpR6nUbPrI,"Dec 7, 2013"
eXMtObByLVc,"Feb 12, 2015"
me3ac2xl3Tk,"Nov 28, 2014"
aW41Vtj1QF4,"Feb 8, 2015"
6N6UhoiEyvk,"May 3, 2015"
M6Tr8KHnaiQ,"Feb 6, 2015"
KYyOai2R7q8,"Jul 3, 2015"
0g9L4sOPHFE,"May 19, 2015"
VctaUNJpT6U,"Feb 2, 2017"
5l0sR191G2Y,"Jan 5, 2017"
P_7DsMJoqu8,"Jun 6, 2015"
ns_UFyzI3uU,"Dec 5, 2015"
VH4kbybo60Y,"Jan 20, 2013"
gdtvQXwcNRQ,"Oct 6, 2016"
XQZzJpRWFCY,"Sep 27, 2014"
4FtpqYYn6fs,"Jan 28, 2019"
9rYFGtmpEPg,"Dec 14, 2018"
bzWOUQ1egtg,"Mar 15, 2019"
JlfYA0xcbVw,"Sep 5, 2017"
EJaBHPqdzUY,"Apr 19, 2019"
ZQoW1d4sgOg,"Oct 26, 2017"
xqlfQUholnE,"Jul 22, 2018"
faE8KOaTaUs,"Jan 8, 2020"
VCKHMwLYmxk,"Apr 20, 2019"
cY8Sf6Bjz88,"Jan 1, 2020"
-59jGD4WrmE,"Jun 25, 2016"
kn6-c223DUU,"Jun 17, 2010"
SbUBMklQSVU,"Nov 29, 2011"
tDq3fNew1rU,"Sep 16, 2011"
8PTDv_szmL0,"Mar 9, 2010"
1mjlM_RnsVE,"Oct 2, 2009"
dW2MmuA1nI4,"Oct 27, 2009"
RsW66teC0BQ,"Jan 23, 2020"
AQ4TW5Z8eu0,"Oct 27, 2009"
bMoNV9oWs2E,"Oct 27, 2009"
vqcxM7dSJtw,"Aug 30, 2016"
uAANZawK970,"Jul 28, 2017"
xKk655CDFn8,"Mar 4, 2018"
p2FXQgtmPDw,"Feb 7, 2018"
OC7oe6ciDzI,"Sep 21, 2016"
v1m3d_y5D6M,"Mar 27, 2020"
k-C8a-mnbJU,"Mar 1, 2019"
VYbXbDri5tI,"Mar 8, 2019"
cl1sGco3Y_o,"Oct 13, 2020"
vHxmq53ITSk,"Jan 26, 2017"
z7La7WHv4y0,"Jun 18, 2016"
7Ee9u0hyz6A,"Jun 5, 2014"
36HC57aCNII,"Nov 23, 2015"
UUGvpa8KlLI,"Apr 8, 2014"
UbxYrK9MJlk,"Jun 25, 2017"
CPD12_FSFLE,"Jun 1, 2015"
cuvEjTfTEUk,"Jan 1, 2017"
KDzgXaIGZns,"Jun 15, 2017"
NHCVO-0xIi4,"Oct 20, 2016"
PqE3sGZtT1E,"Oct 12, 2018"
vaUJ9FkdepY,"May 15, 2020"
w89OHNm0Lrw,"Mar 26, 2021"
L9D6ceU30W0,"Jan 19, 2018"
O6RkU6cDi38,"Sep 7, 2018"
F0VEwCqEFvI,"May 3, 2019"
NDZ-ph9dCWI,"Oct 2, 2020"
2PwNLK6ld3c,"Dec 7, 2018"
6ydpNyjW6rA,"Premiered Jan 17, 2020"
MCBGdnheA-E,"Aug 2, 2019"
ZRxLJfxGWqE,"Aug 31, 2018"
uH8Vat_UknY,"Mar 18, 2019"
YFJYiLu7c6k,"Nov 21, 2018"
AVDKocrvhlU,"Mar 4, 2019"
rPUKvGd13NQ,"Oct 18, 2019"
sjlZewvdGTA,"Oct 30, 2017"
xby97_SSXkc,"Sep 27, 2019"
IS8-r941W7I,"Aug 20, 2018"
zcHDHv6-JbA,"Jul 1, 2019"
i5Vuy7eMuxM,"Jun 24, 2019"
WZ06dDsFa2w,"Oct 8, 2013"
edvnX8TwSTI,"Nov 2, 2017"
yCVOCSlzQno,"Sep 6, 2018"
Vncf_9LLagc,"Sep 17, 2013"
r9WsqRhbdF4,"Nov 9, 2015"
HawhjjF5qFc,"Jun 14, 2013"
RLHR5smxbsc,"Dec 11, 2014"
7feJHXTaXPY,"Apr 25, 2019"
3pfJzK1tdR0,"Mar 19, 2013"
PCGydpJXIOg,"Nov 5, 2013"
91fPPp_Hb68,"Aug 23, 2021"
vJLXdS2tMsU,"Sep 14, 2020"
9xl-xSlzwmE,"May 17, 2020"
rFrlGf_op6I,"Dec 1, 2020"
ObZYH_aeOTc,"Aug 18, 2020"
ag4IdrjNxWk,"Jan 8, 2021"
mP5mLtHh5U0,"Mar 27, 2019"
fo34WDjHjHY,"Oct 28, 2020"
9dBepLCkjZQ,"Apr 14, 2018"
Lcij3jhmslU,"Mar 16, 2018"
VyNJRTBPDwg,"May 3, 2017"
LmBRirJ0HKQ,"Jun 7, 2017"
jarcvqK6xuM,"Nov 2, 2017"
O7WOeucd_XY,"May 17, 2017"
GBvRhgjoxic,"Sep 4, 2019"
b0dJQ0AN8-4,"Feb 27, 2021"
iG0DtLf3y3o,"Nov 21, 2019"
bpw1Y-KrbEE,"Oct 12, 2016"
UZH2QLHK9wE,"Sep 14, 2016"
w62txc-Nv5c,"Jun 29, 2017"
-jSirHVQAOk,"Apr 7, 2018"
a5vg_Yi42Ok,"Apr 13, 2019"
Rqctpam4o0o,"Jan 5, 2019"
yOjmWlPMF9g,"Aug 25, 2018"
dPTglkp4Lpw,"Apr 9, 2017"
MwAMiddqytE,"Sep 20, 2019"
V8D-hU-d2Dk,"Sep 1, 2019"
Y3JE4_c_-PI,"Jul 30, 2017"
eAmn4pxIclc,"Dec 30, 2016"
f-1BswuK6-8,"Dec 4, 2018"
5Eqb_-j3FDA,"Feb 7, 2022"
a18py61_F_w,"Aug 15, 2015"
kw4tT7SCmaY,"Aug 19, 2016"
ZQMn5wIoAno,"Sep 23, 2016"
8367ETnagHo,"Sep 16, 2016"
U_DSCLqgZCo,"Aug 29, 2015"
lgm3puP3tMA,"Premiered May 14, 2020"
zQDAi8tI-cU,"Jan 19, 2022"
KHLNSxe5Y8A,"Aug 22, 2015"
74cVT_tUpck,"Oct 11, 2019"
Pw-0pbY9JeU,"May 14, 2015"
eJnQBXmZ7Ek,"Jan 23, 2019"
6ThQkrXHdh4,"Aug 22, 2012"
UOUBW8bkjQ4,"Jul 11, 2018"
hMAPyGoqQVw,"Jul 26, 2018"
8mn-FFjIbo8,"Premiered Oct 5, 2018"
PbP-aIe51Ek,"May 26, 2015"
loOWKm8GW6A,"Premiered Apr 9, 2020"
iE_54CU7Fxk,"May 26, 2015"
MiPBQJq49xk,"May 26, 2015"
nzciqaNN4I0,"Nov 19, 2021"
-6h65t2MOfU,"Oct 13, 2018"
r-i6XpcL1Fs,"Feb 23, 2018"
5GRyr0noXrw,"Mar 16, 2018"
yVBQe5mp7j0,"Oct 27, 2018"
6cjRKH_bq8I,"Feb 9, 2017"
2FHo1VazApg,"Mar 1, 2019"
wyBimQmMZMo,"Oct 30, 2021"
1iJE8Lyvvls,"Nov 12, 2021"
vDtyaRoonx4,"Mar 23, 2018"
NEtt7VQwoBc,"Feb 10, 2016"
ZxT7kK5Gygk,"Apr 13, 2015"
BkKDBD3qtqo,"Mar 20, 2015"
S7uNBC6VEuA,"Nov 2, 2016"
H4UFObeHFwI,"Apr 27, 2015"
N6M1i0wb5tU,"Apr 21, 2015"
OzYeofpdM8A,"Nov 6, 2014"
10AKUYRjDPk,"May 8, 2015"
lq5oUOKh368,"Jan 30, 2017"
ymZvd-0Q_QM,"May 21, 2015"
DWmGArQBtFI,"Oct 7, 2017"
wMmy2MlH55U,"Mar 25, 2018"
K-CrEi0ymMg,"Sep 14, 2016"
DHD1-2P94DI,"Oct 25, 2018"
g-7ZWPCWv0U,"Feb 25, 2018"
O6Y3WDY1tUo,"Apr 17, 2014"
9VsDP584zyQ,"May 26, 2017"
F6PhNnlb-14,"Apr 2, 2020"
zyvjscQVFv8,"Apr 18, 2017"
y1r9toPQNkM,"Apr 5, 2015"
a2BubdSZnXo,"Jan 10, 2016"
_mySgO9rSaQ,"Sep 16, 2016"
dQmcyHA2Y6o,"Jan 7, 2016"
2G34ILUfSPg,"Sep 1, 2015"
-h0gz8gnqmI,"Nov 22, 2016"
Gjc96S3C7S4,"Jan 5, 2016"
Kbsi-DKmmbQ,"Jan 17, 2017"
ZAt3taVBD90,"Jan 19, 2020"
8TQsO_vzm3A,"Dec 29, 2015"
DUb8vNtuGT0,"Dec 8, 2015"
BKvxG8B_fHU,"Aug 13, 2022"
_iEka4n_kxE,"Jun 1, 2020"
2ek_ad255BU,"Jul 7, 2015"
5l68ztpsCvk,"Jan 29, 2020"
waawDg_VbOI,"Aug 17, 2022"
q60pYK9NqQQ,"Nov 1, 2019"
pTbLX1XjcS4,"Jul 8, 2021"
-AiTJyxwe74,"Aug 1, 2020"
SBwwhYuhhcE,"Nov 11, 2019"
8dVt7eE3BAo,"Jun 30, 2017"
Lqu1rpYqw8Q,"Dec 4, 2014"
fbmJ_mI2ywE,"Aug 12, 2021"
9n1e1N0Sa9k,"Oct 4, 2017"
u-o6Y_v7bGI,"Oct 10, 2018"
8CfX2K4P7J8,"Jun 9, 2017"
lIoMWsihRbM,"May 23, 2019"
hHL05CUO7kk,"Aug 14, 2019"
G-MgLA3gmkM,"Jul 15, 2021"
y6pJJrZHBoQ,"Dec 7, 2019"
ZTd8t28Tlsg,"Oct 2, 2018"
m1pN_hG4Iu0,"Oct 4, 2019"
wPY2AIU0HM4,"Mar 24, 2019"
PLotHjc7zbo,"Apr 3, 2019"
jsBr9emWHcc,"Sep 29, 2018"
rjunCj8W-lg,"Jul 1, 2018"
_5TtFDXiCNA,"Oct 15, 2018"
ooZDAFf7nDU,"Mar 29, 2019"
6amv8TRJ_pA,"Dec 18, 2018"
4mmqKjwlOkE,"Sep 29, 2019"
kZj2iMIdhpY,"Jan 5, 2019"
33ajqMSc9qg,"Dec 5, 2017"
4Q-GXVwTAgU,"Jul 19, 2019"
LkcNcZikNlo,"Aug 2, 2018"
xtfSxaKllHo,"May 15, 2018"
VvNgdMoaOEc,"Oct 16, 2019"
X1xdzlWBkgc,"Oct 7, 2020"
NbLQo-21S9I,"Nov 10, 2019"
9Us4PSoRbVQ,"May 25, 2018"
6kUhenE-kok,"Oct 27, 2018"
LeWYCYr8dzQ,"May 16, 2017"
dn6fEyBb6Pc,"Apr 20, 2018"
INdwxHDmbzI,"May 1, 2017"
P4Qew2pxERU,"Jun 7, 2016"
vXOpF3x3NQY,"Jul 16, 2017"
E-ZLxKVyENw,"Oct 22, 2017"
Sf0_6tkDZ6c,"Sep 3, 2017"
aUpQ00O2Ov4,"Nov 4, 2016"
j8t5AR8MaHQ,"Aug 29, 2016"
f5Zi5tqr_gY,"Aug 13, 2018"
Rs11Ar5YxuM,"Jan 31, 2020"
H0SUrcuzUBo,"Mar 27, 2019"
Nw1wSTJyULg,"Mar 10, 2020"
ptDTh8WglcQ,"Nov 13, 2020"
wZTBISXFEFM,"May 21, 2020"
7aM0ii2zays,"Apr 16, 2019"
9HM3Spwnbf8,"Jul 22, 2021"
ooyk3d5Z3DI,"May 6, 2019"
02fFdF14kuM,"Sep 12, 2020"
nRDysNZdMvU,"Dec 22, 2015"
Qy2n-kjjrdo,"Jun 22, 2016"
23um2h4YUwU,"Jun 1, 2016"
sX8GgDgjq00,"Feb 14, 2019"
smGQUH5ldTA,"Jan 18, 2018"
h5XzGyjEkkc,"Nov 30, 2017"
afEgee6HUio,"Premiered Aug 13, 2020"
xix6MPHQRa4,"May 13, 2019"
MIQKlHSD89E,"Mar 23, 2018"
bEBXQ8MkK_U,"Sep 30, 2017"
r3bngwZsfMI,"Jan 13, 2021"
QVgSyvzmbxw,"Jan 25, 2018"
7mWd8fOG7qI,"Aug 26, 2017"
dImiR3Sr8Wo,"Aug 29, 2018"
LoPf32nKYb8,"Apr 27, 2016"
W-RAUYomJho,"Apr 29, 2016"
ybxt5dBVg5w,"Premiered Apr 16, 2019"
6LD30ChPsSs,"Oct 9, 2018"
epAFDEJImrU,"Premiered Oct 25, 2021"
MrzkoLKpgLU,"Premiered Sep 27, 2022"
-zKA7OWV-FQ,"Apr 21, 2018"
cQmEPkokCdU,"Nov 4, 2018"
nNyMF9E6-5Q,"Jun 15, 2019"
P1m4V8DvQU0,"May 27, 2018"
F8MxLGnZZsE,"Sep 1, 2018"
a--wRSdWoRg,"Aug 27, 2017"
a_qwSV-w5v0,"Apr 7, 2016"
xMdYRmAzFmI,"Jul 1, 2018"
xTpDV4ykJyE,"Oct 12, 2018"
bjcgTA_8Ji4,"Jun 29, 2018"
s_u2ocd47GY,"Jan 12, 2018"
2UJwEJFtfXA,"Jun 19, 2018"
qgZkIkroPaA,"Feb 8, 2013"
Pqmsak62ITg,"Apr 30, 2013"
gTpilGeBe_g,"Jul 14, 2015"
ZvWoakWHunE,"May 26, 2015"
soYi8opwWQk,"May 11, 2015"
X1E0U5WcaZA,"Jul 18, 2014"
wAMhHPms9eU,"Jan 6, 2021"
QXUXzPjwLSo,"Apr 9, 2018"
ggJMQHltiQc,"Jan 10, 2018"
ZqJZyxVdLZA,"Jul 19, 2019"
2zQuvi3w7hQ,"Feb 12, 2019"
pmmPIarXplA,"Apr 17, 2019"
C3ap6S4mAco,"Jun 14, 2018"
00NVgIsRZoc,"Sep 20, 2019"
6pxttHV4hn4,"Dec 7, 2018"
t2jUV-ad9wQ,"Aug 2, 2017"
EwDkeAGLg9E,"Apr 30, 2019"
Sm2ArOlORFQ,"Feb 18, 2018"
zxnrCwxv-NM,"Jan 24, 2018"
fhDSx6SnW2M,"Feb 1, 2021"
3GyvJaUaDSE,"Jun 1, 2018"
kLr65htLbBo,"Premiered Feb 12, 2021"
9XFARoTxRBY,"Premiered Jun 10, 2022"
TAfZqPUQNOw,"Premiered Oct 6, 2021"
S_Z8v74O3KM,"Aug 28, 2017"
2MApDqphs1g,"Sep 18, 2017"
UA9SRAGJ2F0,"Nov 27, 2017"
r3875jSXk0s,"Feb 3, 2013"
mexQhFCubl8,"Apr 9, 2012"
-lo-yPo4E_k,"May 1, 2017"
--NJ52b20Gs,"Aug 12, 2016"
Y9L2_SaescU,"Jul 7, 2012"
pKrs1wmrEkk,"Feb 9, 2021"
upPLNYyuKHg,"Jan 14, 2014"
gbMIs_0XyPg,"Jul 21, 2011"
5-NUmAhUMS8,"Jun 29, 2015"
sTFhxSUDOk0,"Nov 17, 2015"
GP7aP67qQjQ,"Jan 31, 2014"
4qGAjgUZwsk,"Oct 23, 2015"
fQO2Opzvyeg,"Sep 1, 2013"
2yHn8uc5_-4,"Jan 3, 2014"
RPN3kDZCggI,"Jan 16, 2015"
vmI2ohiU8l4,"Sep 4, 2014"
EZcJEvXmjfY,"Mar 4, 2016"
7IqvO5Ny8Qw,"Mar 20, 2014"
dvXQW6l8TnI,"Nov 12, 2015"
a1Zk1rqF-Ts,"Oct 13, 2016"
QaZ93sibpk0,"Apr 11, 2019"
lsFPbgK1v9I,"Aug 16, 2016"
vCJ6U7mQmYw,"Jun 27, 2018"
KONe4SNFA64,"May 3, 2018"
_GFkHA5EZdE,"Mar 21, 2017"
XnbCSboujF4,"Apr 19, 2016"
Bk0G1f4DpCM,"May 8, 2019"
1uJQxq6epDk,"Jul 9, 2019"
948MLgRGNyU,"Mar 1, 2017"
ITLAhqe1JMo,"May 8, 2019"
bRhajMRFzQA,"Jan 4, 2011"
EyJ78139Hc0,"Nov 25, 2016"
5_LjIziz86o,"Sep 13, 2013"
v1KGhE9Q4qQ,"Feb 7, 2018"
NW7-O2fnl1Y,"Dec 14, 2016"
bE3nGLfrNs8,"Sep 6, 2013"
6vTy_4Uhi3I,"Feb 23, 2018"
8jcUitdjbVY,"Jul 27, 2017"
nJuWV5ryiu8,"Jan 30, 2018"
DzH2butlRMI,"Mar 31, 2017"
6iyNHMTn4FE,"Jan 2, 2019"
h5SfHsdLaf8,"Apr 16, 2019"
PGhoAA2f4hY,"May 11, 2018"
lpYQADAdbvY,"Aug 27, 2020"
FSoDTPzdLi4,"Feb 21, 2020"
By6lygtJVg8,"Oct 1, 2018"
sxa1aj2Sj8M,"Apr 3, 2019"
ylUCgvBtHng,"Feb 11, 2020"
BK-S0TLa8s0,"May 23, 2018"
pzMwA6LJnHA,"Apr 21, 2018"
aqbL6HtHxlY,"Sep 16, 2020"
DA1M74xSyHU,"Aug 19, 2017"
2o-e8VQ4KOM,"Jun 4, 2017"
cqw5zB0qdGs,"Jun 8, 2021"
0J21-ZpGeLI,"Aug 28, 2017"
9j_PumpRkIs,"Aug 27, 2017"
RWhZ1yajbrg,"Dec 9, 2017"
9KQ9iM-a2mY,"Sep 27, 2017"
wnh3ZoOvzRQ,"Sep 30, 2018"
MxYnHcH0vuA,"Jun 6, 2017"
D8ZJCLa-9Qg,"Feb 22, 2017"
aGUD2VPvK_s,"Jan 21, 2017"
VDnT4ZW3PMg,"Jan 5, 2017"
p7vP458HiEI,"Sep 5, 2018"
5xhpBx0Cwns,"Feb 19, 2017"
PolXdrVz9DU,"Jun 10, 2017"
1sBr23MnmfA,"Sep 9, 2017"
UPTW1uBP8qg,"Aug 26, 2017"
-XpypaEYTtA,"Oct 24, 2018"
ZjqUGIyFL5o,"Jul 29, 2017"
-7n4t0cbVD4,"Premiered Jul 9, 2020"
cdk4hVPN_F0,"Sep 18, 2020"
wDsU4H2w48k,"Premiered Dec 28, 2020"
uVPoGMu3LQo,"Aug 30, 2019"
zJODMh2cULg,"May 6, 2021"
SsvM80bIA1k,"Jun 15, 2021"
14vzeTvZe5I,"Sep 2, 2018"
eEqau7Rnbmk,"May 17, 2021"
bzkYsiKtRIw,"Jun 8, 2020"
5e6JkYzYHxY,"Jul 30, 2020"
WlERHmmmEm8,"Dec 13, 2018"
9JPGAkIu3bU,"Jul 19, 2018"
rbWKFau8G1c,"Jan 2, 2019"
AJEiUsYYofE,"Apr 18, 2018"
CvxL2n9DX6w,"Aug 2, 2019"
9qpbOZK-kKw,"Sep 24, 2018"
l-1aZHPvchc,"Jan 10, 2019"
_P_qo0zVZZQ,"Jul 11, 2018"
Oq0KGLfoiuE,"Mar 31, 2019"
5ENId2TnPNM,"Feb 18, 2019"
APKqkV1zE3M,"Dec 7, 2017"
zHO6tJJ9pzM,"Jan 29, 2018"
hRpBavsX5o4,"Feb 3, 2018"
Yn3mUFH4dsg,"Dec 5, 2017"
nYAL16557_M,"Oct 29, 2017"
sCmlDVOw7xQ,"Sep 15, 2017"
uECTdl27b4Y,"Sep 27, 2018"
etKY77oikV0,"Feb 2, 2018"
-WyPH2dIr9A,"Jul 18, 2017"
gxtLzMqFzEk,"Feb 7, 2018"
VqEbCxg2bNI,"Aug 18, 2017"
_wE3hDN06Qg,"Apr 21, 2021"
R9rVapGCf2c,"Oct 4, 2019"
mG0b8IAJvts,"Jun 22, 2018"
FVRPzwb1Vi4,"Jan 11, 2018"
GRzIgu_n0yw,"Apr 25, 2019"
SuxLrcx6MPY,"May 18, 2021"
ZZHZLMO0xc0,"Dec 3, 2018"
LJMuk01J5yw,"Feb 11, 2019"
r_jcFl5TT4o,"Jun 1, 2020"
ex-cr18tKDE,"Oct 10, 2018"
mvWXaz0Gtbo,"Jan 31, 2017"
-YzDsDMYqdw,"Oct 7, 2013"
ysZP--fcgnc,"Mar 13, 2015"
zt4s9vbjpeU,"Jun 28, 2019"
ZIiQ1jMqhVM,"Premiered Jun 18, 2021"
Z5pWz_OR5Sg,"Jun 23, 2013"
5IXPnPnoYns,"Jun 20, 2016"
6c0LA4Nb1vY,"Premiered Oct 10, 2019"
dWpGsK8Md28,"Jul 30, 2012"
6gRtWVRbfJg,"Aug 29, 2018"
ookigI4Dsfw,"Oct 30, 2018"
pxiGfyeCJZU,"Jun 19, 2018"
aB-MgqbyDHI,"Sep 6, 2018"
IrKUfT6Br0A,"Premiered Apr 21, 2019"
bqMV2whnNjg,"Apr 26, 2018"
CWgs97shAH0,"Jun 14, 2018"
9sJNPKacIyc,"Jul 14, 2018"
euR3tMdites,"Jun 4, 2019"
M0wpTx6kUPE,"Premiered Mar 10, 2019"
WKabYp-BmP0,"Apr 15, 2018"
hYmgkpjls8E,"Sep 12, 2018"
NxAgJSeVZqI,"Dec 23, 2017"
qHHQLEx9258,"May 5, 2018"
INcVx2T6jeE,"May 18, 2019"
ArY01K_K5FA,"Nov 10, 2018"
GDuRu9D1EXc,"Mar 3, 2018"
ehPbCP4g8Mc,"Jul 23, 2018"
u1kgsijfA3k,"Jun 23, 2018"
Id7nNXiQHB8,"Dec 5, 2018"
U9DyHthJ6LA,"Jan 24, 2019"
YDr4ITrp7YI,"Mar 7, 2019"
_sZH-psg9yE,"Mar 14, 2019"
GTW8IplsKmM,"Oct 11, 2016"
qxGmGGmvFD8,"Dec 9, 2021"
eCEG4QyQbF4,"Dec 8, 2016"
3_9v-7rtVDk,"Apr 28, 2016"
FCXfezz4BB8,"Aug 15, 2019"
7TN09IP5JuI,"Oct 5, 2017"
nQ1mmVG-G1g,"Apr 5, 2018"
ipM9SkIkwCY,"May 30, 2017"
jWu_GqHxmWQ,"Dec 10, 2018"
K3uMMjZGhnI,"Aug 4, 2017"
74hZN9i2eEA,"Jan 6, 2018"
ALimx-H8C6s,"Sep 26, 2019"
53_HPbH64_M,"Apr 4, 2018"
YDQXzY11aS0,"Apr 27, 2018"
lUmYlsulfYo,"Feb 21, 2020"
EdA7CNt-DsY,"Jul 28, 2017"
8cJiBArztwA,"Apr 8, 2012"
mPkKM95Hey4,"May 30, 2014"
SR9s5EWoB_U,"Aug 21, 2013"
q-8hnaOxOqQ,"Jul 17, 2013"
vXSchotfufg,"Sep 18, 2013"
K04zSUURBsc,"Aug 12, 2015"
XvBwxxeZG-4,"Jun 26, 2013"
vNS2mOsDQDM,"Jun 20, 2013"
K4sXwfO8PDs,"May 27, 2015"
eE0JMflvMcU,"Aug 13, 2014"
Y1zJn4hnS-Q,"Jul 30, 2018"
ipImCE6R9kA,"Apr 19, 2020"
I67rfWKBmbI,"Dec 31, 2018"
HXL5PS041yg,"Jul 16, 2018"
5oCwlEyxHx8,"Jul 24, 2019"
4nKF0sm4184,"Nov 5, 2018"
avhJG0nUHjA,"Aug 13, 2015"
dI0csiX7mks,"Aug 6, 2015"
GL7Mo_B3O74,"Dec 3, 2018"
3E6RWZ1ceWw,"Jan 17, 2020"
